time,ret,label
2013-03-12,-0.0145557333756,intermediate
2013-03-13,-0.0108460698371,intermediate
2013-03-14,0.00278559140223,intermediate
2013-03-15,0.00207023541132,intermediate
2013-03-18,-0.0145912555072,intermediate
2013-03-19,0.00886509473561,intermediate
2013-03-20,0.0328381413692,bull
2013-03-21,0.00189373369504,intermediate
2013-03-22,0.00126126363214,intermediate
2013-03-25,-0.00195525459374,intermediate
2013-03-26,-0.0147067682269,intermediate
2013-03-27,0.00339873683051,intermediate
2013-03-28,-0.0331561518571,intermediate
2013-03-29,-0.00169749990956,intermediate
2013-04-01,-0.000767002032087,intermediate
2013-04-02,-0.00272554698709,intermediate
2013-04-03,-0.00114166587349,intermediate
2013-04-08,-0.00441472067581,intermediate
2013-04-09,0.00661318673818,intermediate
2013-04-10,-0.00148924845821,intermediate
2013-04-11,-0.00309534702244,intermediate
2013-04-12,-0.00606445709136,intermediate
2013-04-15,-0.0104501333164,intermediate
2013-04-16,0.00911815912023,intermediate
2013-04-17,-0.000227726517704,intermediate
2013-04-18,0.00245386635323,intermediate
2013-04-19,0.0276235226069,bear
2013-04-22,-0.00132730058395,bear
2013-04-23,-0.0323477201852,bear
2013-04-24,0.018206463133,bull
2013-04-25,-0.0114217209619,intermediate
2013-04-26,-0.0077640049927,intermediate
2013-05-02,0.00108619675249,intermediate
2013-05-03,0.0171034396931,intermediate
2013-05-06,0.0133265988188,intermediate
2013-05-07,0.0016439701538,intermediate
2013-05-08,0.00509469314222,intermediate
2013-05-09,-0.00592702071214,intermediate
2013-05-10,0.0050662587352,intermediate
2013-05-13,-0.00428729005819,intermediate
2013-05-14,-0.0146059257808,intermediate
2013-05-15,0.00534887265999,intermediate
2013-05-16,0.0179175692088,bull
2013-05-17,0.0155625890451,bull
2013-05-20,0.00668094542919,intermediate
2013-05-21,0.00199388959009,intermediate
2013-05-22,0.00151343488729,intermediate
2013-05-23,-0.0136096226887,intermediate
2013-05-24,0.00521064472397,intermediate
2013-05-27,0.000902296451723,intermediate
2013-05-28,0.0172229757851,intermediate
2013-05-29,-0.000813450197197,intermediate
2013-05-30,-0.00225994277328,intermediate
2013-05-31,-0.0112660816742,intermediate
2013-06-03,-0.00148585699071,intermediate
2013-06-04,-0.0142950626575,intermediate
2013-06-05,-0.00191282039682,intermediate
2013-06-06,-0.0129447384699,intermediate
2013-06-07,-0.0172832517717,bear
2013-06-13,-0.0345630900111,bear
2013-06-14,0.00707371909043,bear
2013-06-17,-0.00511366011486,bear
2013-06-18,0.00578860396754,bear
2013-06-19,-0.00733626947224,bear
2013-06-20,-0.0335973571089,bear
2013-06-21,-0.00175752083556,bear
2013-06-24,-0.065132071078,bear
2013-06-25,-0.00272202240413,bull
2013-06-26,0.00109098975212,intermediate
2013-06-27,-0.00336678953489,intermediate
2013-06-28,0.0177015988266,intermediate
2013-07-01,0.0060724875658,intermediate
2013-07-02,0.00368909061394,intermediate
2013-07-03,-0.00815510250291,intermediate
2013-07-04,0.00849724788382,intermediate
2013-07-05,0.00268627170057,intermediate
2013-07-08,-0.0289155955485,bear
2013-07-09,-0.000681333072489,bear
2013-07-10,0.027780799262,bear
2013-07-11,0.0453218907973,bear
2013-07-12,-0.0220979002908,bear
2013-07-15,0.0138423590376,bear
2013-07-16,0.00430307757778,bear
2013-07-17,-0.0150472069092,bear
2013-07-18,-0.0164506696469,bear
2013-07-19,-0.0249546533494,bear
2013-07-22,0.00498548586482,bull
2013-07-23,0.028792589843,bull
2013-07-24,-0.00733987592159,intermediate
2013-07-25,-0.00487271185586,intermediate
2013-07-26,-0.00621933191568,intermediate
2013-07-29,-0.0219124174185,intermediate
2013-07-30,0.00614751058566,intermediate
2013-07-31,0.00147010624613,intermediate
2013-08-01,0.0233892836726,bull
2013-08-02,0.00114570272756,intermediate
2013-08-05,0.0136334055301,intermediate
2013-08-06,0.00676964930635,intermediate
2013-08-07,-0.00546448252588,intermediate
2013-08-08,-0.00211720359028,intermediate
2013-08-09,0.00431524297004,intermediate
2013-08-12,0.0287921969345,bull
2013-08-13,0.00255085014848,intermediate
2013-08-14,-0.0039838591485,intermediate
2013-08-15,-0.0119766167032,intermediate
2013-08-16,-0.00695329372622,intermediate
2013-08-19,0.011247172432,intermediate
2013-08-20,-0.00800594102847,intermediate
2013-08-21,-0.00169163077113,intermediate
2013-08-22,-0.0022152571227,intermediate
2013-08-23,-0.00722656102047,intermediate
2013-08-26,0.0209089131712,intermediate
2013-08-27,0.00222705572283,intermediate
2013-08-28,-0.00557718140302,intermediate
2013-08-29,-0.00401466237707,intermediate
2013-08-30,-0.00185694179601,intermediate
2013-09-02,0.00266107850808,intermediate
2013-09-03,0.0146376885335,intermediate
2013-09-04,-0.00168635000112,intermediate
2013-09-05,-0.00372667241045,intermediate
2013-09-06,0.00670126694613,intermediate
2013-09-09,0.0345623619152,bull
2013-09-10,0.0141131231198,bull
2013-09-11,0.00328708361138,intermediate
2013-09-12,0.00963579247775,intermediate
2013-09-13,-0.00733212548451,intermediate
2013-09-16,-0.0040739370831,intermediate
2013-09-17,-0.0205940062887,intermediate
2013-09-18,0.00242143965416,intermediate
2013-09-23,0.0153607866637,intermediate
2013-09-24,-0.0112233399973,intermediate
2013-09-25,-0.00612821724103,intermediate
2013-09-26,-0.0186828750187,intermediate
2013-09-27,0.00457360863064,intermediate
2013-09-30,0.00568090150633,intermediate
2013-10-08,0.0134513314561,intermediate
2013-10-09,0.00495017951969,intermediate
2013-10-10,-0.00990728572295,intermediate
2013-10-11,0.0158966877085,intermediate
2013-10-14,0.00181411121899,intermediate
2013-10-15,-0.00201223560164,intermediate
2013-10-16,-0.0189370276169,intermediate
2013-10-17,-0.00326431497548,intermediate
2013-10-18,0.00514435482977,intermediate
2013-10-21,0.0184078304224,intermediate
2013-10-22,-0.0102615229138,intermediate
2013-10-23,-0.0112746448553,intermediate
2013-10-24,-0.00744895307582,intermediate
2013-10-25,-0.0135988787623,intermediate
2013-10-28,-0.000735001566454,intermediate
2013-10-29,0.00242177162529,intermediate
2013-10-30,0.014684608217,intermediate
2013-10-31,-0.0140491160432,intermediate
2013-11-01,0.00475503916694,intermediate
2013-11-04,-0.00201331913631,intermediate
2013-11-05,0.00141062991633,intermediate
2013-11-06,-0.0126773776416,intermediate
2013-11-07,-0.00542904324349,intermediate
2013-11-08,-0.0138838095197,intermediate
2013-11-11,0.00291964695868,intermediate
2013-11-12,0.0102705767911,intermediate
2013-11-13,-0.0215611306995,intermediate
2013-11-14,0.00618750233585,intermediate
2013-11-15,0.0201348435075,bull
2013-11-18,0.0328361288833,bull
2013-11-19,-0.00697412824496,intermediate
2013-11-20,0.0049129843907,intermediate
2013-11-21,-0.00577075184232,intermediate
2013-11-22,-0.00495942012757,intermediate
2013-11-25,-0.00407467347657,intermediate
2013-11-26,-0.000294825768065,intermediate
2013-11-27,0.0111978075798,intermediate
2013-11-28,0.0101172865079,intermediate
2013-11-29,-9.2667689632e-05,intermediate
2013-12-02,-0.00807901804564,intermediate
2013-12-03,0.00983619073281,intermediate
2013-12-04,0.013095227227,intermediate
2013-12-05,-0.00283449172399,intermediate
2013-12-06,-0.00635107023029,intermediate
2013-12-09,-0.000622806610135,intermediate
2013-12-10,0.00107977411897,intermediate
2013-12-11,-0.0166480553741,intermediate
2013-12-12,-0.00122569157444,intermediate
2013-12-13,-0.00104069448242,intermediate
2013-12-16,-0.0164204771627,intermediate
2013-12-17,-0.0056727999455,intermediate
2013-12-18,0.000900616104318,intermediate
2013-12-19,-0.0105015499755,intermediate
2013-12-20,-0.0223910543021,intermediate
2013-12-23,0.00152626706704,intermediate
2013-12-24,0.001612664068,intermediate
2013-12-25,0.00706637624294,intermediate
2013-12-26,-0.0170274408424,intermediate
2013-12-27,0.0164965643738,intermediate
2013-12-30,-0.00125343053366,intermediate
2013-12-31,0.0122889716655,intermediate
2014-01-02,-0.00288346308004,intermediate
2014-01-03,-0.0137265529852,intermediate
2014-01-06,-0.022825657131,intermediate
2014-01-07,-0.000125530685605,intermediate
2014-01-08,0.00165787844758,intermediate
2014-01-09,-0.00879250500279,intermediate
2014-01-10,-0.00780062393281,intermediate
2014-01-13,-0.00520905196623,intermediate
2014-01-14,0.00878377831546,intermediate
2014-01-15,-0.00174344223994,intermediate
2014-01-16,0.0012521489015,intermediate
2014-01-17,-0.0151353196625,intermediate
2014-01-20,-0.00569557411295,intermediate
2014-01-21,0.00965923896071,intermediate
2014-01-22,0.0256010595202,bull
2014-01-23,-0.00528546707264,intermediate
2014-01-24,0.00599506622346,intermediate
2014-01-27,-0.0131292561324,intermediate
2014-01-28,0.00176299113073,intermediate
2014-01-29,0.00347629239605,intermediate
2014-01-30,-0.0111604060025,intermediate
2014-02-07,0.00374680305844,intermediate
2014-02-10,0.0249380707609,bull
2014-02-11,0.00799584856851,intermediate
2014-02-12,0.00262772049551,intermediate
2014-02-13,-0.0051382302698,intermediate
2014-02-14,0.00658764112273,intermediate
2014-02-17,0.00713221443732,intermediate
2014-02-18,-0.0125332473905,intermediate
2014-02-19,0.011110608229,intermediate
2014-02-20,-0.00914333866052,intermediate
2014-02-21,-0.00998611853072,intermediate
2014-02-24,-0.0222184576597,intermediate
2014-02-25,-0.0258860029058,intermediate
2014-02-26,0.00238078049655,intermediate
2014-02-27,-0.00430472233096,intermediate
2014-02-28,0.0117055842542,intermediate
2014-03-03,0.00468003470045,intermediate
2014-03-04,-0.00246478321751,intermediate
2014-03-05,-0.00931937612741,intermediate
2014-03-06,0.0044814724077,intermediate
2014-03-07,-0.00240077795089,intermediate
2014-03-10,-0.0329251571126,intermediate
2014-03-11,0.00512191673256,intermediate
2014-03-12,0.00238701916534,intermediate
2014-03-13,0.0122728789684,intermediate
2014-03-14,-0.00808947165164,intermediate
2014-03-17,0.00933446452275,intermediate
2014-03-18,-0.0021355575035,intermediate
2014-03-19,-0.00811603993584,intermediate
2014-03-20,-0.0160336896513,intermediate
2014-03-21,0.0337650226908,bull
2014-03-24,0.00841778604119,intermediate
2014-03-25,-0.00113658807429,intermediate
2014-03-26,-0.00166838414656,intermediate
2014-03-27,-0.00704565514458,intermediate
2014-03-28,-0.00175409480685,intermediate
2014-03-31,-0.0025400168458,intermediate
2014-04-01,0.00779494667558,intermediate
2014-04-02,0.00784198568648,intermediate
2014-04-03,-0.00694975246843,intermediate
2014-04-04,0.00932001128753,intermediate
2014-04-08,0.0230534923728,bull
2014-04-09,0.000709358261687,intermediate
2014-04-10,0.015785637995,intermediate
2014-04-11,-0.00127190028902,intermediate
2014-04-14,-0.000892616063,intermediate
2014-04-15,-0.0172590543859,intermediate
2014-04-16,0.00122934405134,intermediate
2014-04-17,-0.00354198520254,intermediate
2014-04-18,-0.000121369370296,intermediate
2014-04-21,-0.0171040210823,intermediate
2014-04-22,0.00437590531947,intermediate
2014-04-23,-0.000686831044253,intermediate
2014-04-24,-0.00175885176893,intermediate
2014-04-25,-0.0103930298578,intermediate
2014-04-28,-0.0153225249511,intermediate
2014-04-29,0.010535977662,intermediate
2014-04-30,0.000213140284645,intermediate
2014-05-05,-0.000984531715485,intermediate
2014-05-06,0.000648583465964,intermediate
2014-05-07,-0.00931653029749,intermediate
2014-05-08,-0.00082412245105,intermediate
2014-05-09,-0.000866973901062,intermediate
2014-05-12,0.0213786125003,bull
2014-05-13,-0.00247484922581,intermediate
2014-05-14,-0.00104385271604,intermediate
2014-05-15,-0.0131598251454,intermediate
2014-05-16,0.000638746474809,intermediate
2014-05-19,-0.0141026332481,intermediate
2014-05-20,2.83625049669e-06,intermediate
2014-05-21,0.0094406501199,intermediate
2014-05-22,-0.00221594714089,intermediate
2014-05-23,0.00815508823124,intermediate
2014-05-26,0.0037406808384,intermediate
2014-05-27,-0.00421187097,intermediate
2014-05-28,0.0102811303582,intermediate
2014-05-29,-0.00659900813178,intermediate
2014-05-30,0.000667938247969,intermediate
2014-06-03,-0.00297250042695,intermediate
2014-06-04,-0.0102941429001,intermediate
2014-06-05,0.0106303330781,intermediate
2014-06-06,-0.00761400420209,intermediate
2014-06-09,8.52576420876e-05,intermediate
2014-06-10,0.0122439402231,intermediate
2014-06-11,-0.000209175008977,intermediate
2014-06-12,-0.00335369319912,intermediate
2014-06-13,0.0103336695225,intermediate
2014-06-16,0.00735507199067,intermediate
2014-06-17,-0.0102294367023,intermediate
2014-06-18,-0.0043333474281,intermediate
2014-06-19,-0.0153203188113,intermediate
2014-06-20,0.00410942131724,intermediate
2014-06-23,-0.000862234758764,intermediate
2014-06-24,0.00508863900919,intermediate
2014-06-25,-0.00562902692524,intermediate
2014-06-26,0.00748733759941,intermediate
2014-06-27,0.000535427919005,intermediate
2014-06-30,0.00664959985353,intermediate
2014-07-01,-3.04910303273e-05,intermediate
2014-07-02,0.00306799999951,intermediate
2014-07-03,0.00420450824674,intermediate
2014-07-04,-0.000511060760373,intermediate
2014-07-07,-0.00125628214911,intermediate
2014-07-08,0.00177101206031,intermediate
2014-07-09,-0.0146159244885,intermediate
2014-07-10,-0.00286722110194,intermediate
2014-07-11,0.00252509672033,intermediate
2014-07-14,0.0108277059785,intermediate
2014-07-15,0.00122015025607,intermediate
2014-07-16,-0.00139425001568,intermediate
2014-07-17,-0.0064287863325,intermediate
2014-07-18,0.00336603495158,intermediate
2014-07-21,0.000902407929274,intermediate
2014-07-22,0.011666007327,intermediate
2014-07-23,0.00273702698092,intermediate
2014-07-24,0.0175158133355,bull
2014-07-25,0.0103001888346,bull
2014-07-28,0.0276177774652,bull
2014-07-29,0.00358462905342,intermediate
2014-07-30,-0.0040759270394,intermediate
2014-07-31,0.0121940201731,intermediate
2014-08-01,-0.00886043365147,intermediate
2014-08-04,0.0192684205043,intermediate
2014-08-05,-0.00225060169682,intermediate
2014-08-06,-0.00271681938125,intermediate
2014-08-07,-0.0153858930984,intermediate
2014-08-08,0.00174230059467,intermediate
2014-08-11,0.0145707353082,intermediate
2014-08-12,-0.00362123734507,intermediate
2014-08-13,0.000891490187763,intermediate
2014-08-14,-0.00954046548049,intermediate
2014-08-15,0.00993336789634,intermediate
2014-08-18,0.00611181628939,intermediate
2014-08-19,0.000173510140039,intermediate
2014-08-20,-0.00380136834322,intermediate
2014-08-21,-0.00485303628938,intermediate
2014-08-22,0.00459261400642,intermediate
2014-08-25,-0.00945181681892,intermediate
2014-08-26,-0.00811450582855,intermediate
2014-08-27,0.00171117481631,intermediate
2014-08-28,-0.006851957685,intermediate
2014-08-29,0.0113660459214,intermediate
2014-09-01,0.00712004574322,intermediate
2014-09-02,0.0131272293266,intermediate
2014-09-03,0.00933963483106,intermediate
2014-09-04,0.00732294295155,intermediate
2014-09-05,0.00940446574363,intermediate
2014-09-09,-0.00174367889228,intermediate
2014-09-10,-0.00506928540573,intermediate
2014-09-11,-0.00405981360031,intermediate
2014-09-12,0.00622221011122,intermediate
2014-09-15,-0.000641742936694,intermediate
2014-09-16,-0.0195061762257,intermediate
2014-09-17,0.00505736207817,intermediate
2014-09-18,0.00313618493894,intermediate
2014-09-19,0.0067762874594,intermediate
2014-09-22,-0.0193102741764,intermediate
2014-09-23,0.00857793769291,intermediate
2014-09-24,0.0175346840659,intermediate
2014-09-25,-0.00199186063724,intermediate
2014-09-26,0.000160020089017,intermediate
2014-09-29,0.00448122574203,intermediate
2014-09-30,0.0011650107879,intermediate
2014-10-08,0.0108612129894,intermediate
2014-10-09,0.00136873901001,intermediate
2014-10-10,-0.00599329546051,intermediate
2014-10-13,-0.00455602943223,intermediate
2014-10-14,-0.00359336380088,intermediate
2014-10-15,0.00712962571985,intermediate
2014-10-16,-0.00776910918295,intermediate
2014-10-17,-0.0012191767055,intermediate
2014-10-20,0.00527117527539,intermediate
2014-10-21,-0.00867258235171,intermediate
2014-10-22,-0.00627976673498,intermediate
2014-10-23,-0.00920894047636,intermediate
2014-10-24,-0.00221589611124,intermediate
2014-10-27,-0.00934775530653,intermediate
2014-10-28,0.0199758921577,bull
2014-10-29,0.0142472305828,bull
2014-10-30,0.00712740646426,bull
2014-10-31,0.0160262396791,bull
2014-11-03,0.00169751332417,intermediate
2014-11-04,-9.43191797553e-05,intermediate
2014-11-05,-0.00368180912872,intermediate
2014-11-06,0.00107077291522,intermediate
2014-11-07,-0.00160499095081,intermediate
2014-11-10,0.0250179994519,bull
2014-11-11,-0.00251539960322,intermediate
2014-11-12,0.0134206965014,intermediate
2014-11-13,-0.00522846233529,intermediate
2014-11-14,0.000217414347452,intermediate
2014-11-17,-0.00514066643572,intermediate
2014-11-18,-0.0101240096961,intermediate
2014-11-19,-0.00198385607694,intermediate
2014-11-20,-2.75973709218e-06,intermediate
2014-11-21,0.0182250071371,bull
2014-11-24,0.025415233827,bull
2014-11-25,0.0132190905162,bull
2014-11-26,0.0141107125859,bull
2014-11-27,0.0111657517753,bull
2014-11-28,0.0197894537239,bull
2014-12-01,0.00401239789114,bull
2014-12-02,0.0363838045397,bull
2014-12-03,0.0146971568463,bull
2014-12-04,0.0449682616246,bear
2014-12-05,0.00668366204161,bear
2014-12-08,0.04020169933,bear
2014-12-09,-0.0452617915763,bear
2014-12-10,0.0354775776612,bear
2014-12-11,-0.0118628716491,bear
2014-12-12,0.00332783705328,bear
2014-12-15,0.00737560229263,bear
2014-12-16,0.0261594852035,bear
2014-12-17,0.0172164479089,bear
2014-12-18,-0.00428746137125,bear
2014-12-19,0.0110177069114,bear
2014-12-22,0.00334983282291,bear
2014-12-23,-0.0203935802059,bear
2014-12-24,-0.0290181784664,bear
2014-12-25,0.0318251361195,bull
2014-12-26,0.0326088599442,bull
2014-12-29,0.00295307762886,intermediate
2014-12-30,0.000682622709133,intermediate
2014-12-31,0.021447524869,bull
2015-01-05,0.0302970280417,bull
2015-01-06,-0.000143334178391,intermediate
2015-01-07,0.000648135220233,intermediate
2015-01-08,-0.0232544149125,intermediate
2015-01-09,-0.00344282556944,intermediate
2015-01-12,-0.00944853777312,intermediate
2015-01-13,-0.000101012960902,intermediate
2015-01-14,-0.00340426321601,intermediate
2015-01-15,0.0284397925869,bear
2015-01-16,0.00879612295058,bear
2015-01-19,-0.080080602299,bear
2015-01-20,0.0121789356344,bull
2015-01-21,0.0440208438769,bull
2015-01-22,0.00519249434103,intermediate
2015-01-23,0.00123947599346,intermediate
2015-01-26,0.00995263129863,intermediate
2015-01-27,-0.00904549668756,intermediate
2015-01-28,-0.0138983553414,intermediate
2015-01-29,-0.0128547971906,intermediate
2015-01-30,-0.0133712016615,intermediate
2015-02-02,-0.0236884550544,intermediate
2015-02-03,0.0244791436538,bull
2015-02-04,-0.0103327429413,intermediate
2015-02-05,-0.0103357864083,intermediate
2015-02-06,-0.0164503937682,intermediate
2015-02-09,0.010209923136,intermediate
2015-02-10,0.0178340382948,intermediate
2015-02-11,0.00804872085993,intermediate
2015-02-12,0.00251773738011,intermediate
2015-02-13,0.00772410170255,intermediate
2015-02-16,0.0089097866132,intermediate
2015-02-17,0.00627398561865,intermediate
2015-02-25,-0.0122147849511,intermediate
2015-02-26,0.0248909112997,bull
2015-02-27,0.00138770483489,intermediate
2015-03-02,0.00804947531608,intermediate
2015-03-03,-0.0260255503631,intermediate
2015-03-04,0.00630652889553,intermediate
2015-03-05,-0.0102109628682,intermediate
2015-03-06,-0.00466942808752,intermediate
2015-03-09,0.0166830928363,intermediate
2015-03-10,-0.00462376222834,intermediate
2015-03-11,0.000971125075381,intermediate
2015-03-12,0.0191844582625,bull
2015-03-13,0.00691013836003,bull
2015-03-16,0.0238907374082,bull
2015-03-17,0.0138744071562,bull
2015-03-18,0.023364980939,bull
2015-03-19,-0.00152548184913,bull
2015-03-20,0.0136293228336,bull
2015-03-23,0.0202743556922,bull
2015-03-24,0.000337035567741,intermediate
2015-03-25,-0.0083784347331,intermediate
2015-03-26,0.0024077734593,intermediate
2015-03-27,0.00555809805095,intermediate
2015-03-30,0.0289717041149,bull
2015-03-31,-0.00891859867476,intermediate
2015-04-01,0.0175566394869,intermediate
2015-04-02,0.000190324970156,intermediate
2015-04-03,0.0108972353928,intermediate
2015-04-07,0.0213725043095,bull
2015-04-08,0.0083764006669,intermediate
2015-04-09,-0.00778646129809,intermediate
2015-04-10,0.0189793198001,bull
2015-04-13,0.0173991323211,bull
2015-04-14,0.0039398488233,intermediate
2015-04-15,-0.0128964257244,intermediate
2015-04-16,0.0296823071975,bull
2015-04-17,0.0184733359038,bull
2015-04-20,-0.0165143478414,intermediate
2015-04-21,0.0211482129754,bull
2015-04-22,0.0259362084351,bull
2015-04-23,8.52270690128e-05,intermediate
2015-04-24,-0.00799244090362,intermediate
2015-04-27,0.0220601557202,bull
2015-04-28,-0.0135917159984,intermediate
2015-04-29,0.00661872807961,intermediate
2015-04-30,-0.00492746559004,intermediate
2015-05-04,0.00776473142556,intermediate
2015-05-05,-0.0405938188713,bear
2015-05-06,-0.00950727435408,bear
2015-05-07,-0.0184119977448,bear
2015-05-08,0.0194343495412,bull
2015-05-11,0.0285443409182,bull
2015-05-12,0.0120988152774,bull
2015-05-13,-0.0061179960834,intermediate
2015-05-14,-0.00366327762453,intermediate
2015-05-15,-0.0178805590402,intermediate
2015-05-18,-0.00922966973597,intermediate
2015-05-19,0.033490521533,bull
2015-05-20,0.0052656663158,bull
2015-05-21,0.0176639608558,bull
2015-05-22,0.0225357950552,bull
2015-05-25,0.0294257976861,bull
2015-05-26,0.0192758572066,bull
2015-05-27,-0.00331325824836,intermediate
2015-05-28,-0.0691399174103,bear
2015-05-29,0.00134543709484,bear
2015-06-01,0.0471805447069,bear
2015-06-02,0.0168277291917,bull
2015-06-03,-0.00345042534307,intermediate
2015-06-04,0.00741089164557,intermediate
2015-06-05,0.00936866398645,intermediate
2015-06-08,0.0232765077803,bull
2015-06-09,-0.00694160581543,intermediate
2015-06-10,-0.00154144309566,intermediate
2015-06-11,-0.000406176985335,intermediate
2015-06-12,0.00539043023461,intermediate
2015-06-15,-0.0216342858211,bear
2015-06-16,-0.0302184925329,bear
2015-06-17,0.0143654701141,bear
2015-06-18,-0.0413489457936,bear
2015-06-19,-0.0610678089324,bear
2015-06-23,0.0312419643021,bear
2015-06-24,0.0195051826231,bear
2015-06-25,-0.0359631089675,bear
2015-06-26,-0.0824245534753,bear
2015-06-29,-0.0334453232014,bear
2015-06-30,0.0647636772091,bear
2015-07-01,-0.050628918577,bear
2015-07-02,-0.0350887164241,bear
2015-07-03,-0.0555911439415,bear
2015-07-06,0.0292738258824,bear
2015-07-07,-0.0185285515483,bear
2015-07-08,-0.0697983612373,bear
2015-07-09,0.0626547013696,bear
2015-07-10,0.0523073017504,bear
2015-07-13,0.0252073966101,bear
2015-07-14,-0.0239523921217,bear
2015-07-15,-0.0361233526338,bear
2015-07-16,0.00774406616042,bear
2015-07-17,0.0378910514174,bear
2015-07-20,0.00214518473319,bear
2015-07-21,0.00136084897999,bear
2015-07-22,-0.00210329930683,bear
2015-07-23,0.0222543061156,bear
2015-07-24,-0.0178061740314,bear
2015-07-27,-0.0893588499325,bear
2015-07-28,-0.00218425429634,bear
2015-07-29,0.0310549311488,bear
2015-07-30,-0.0299193517817,bear
2015-07-31,0.000297450224815,bear
2015-08-03,0.0032512390819,bear
2015-08-04,0.0306863675071,bear
2015-08-05,-0.0205572599048,bear
2015-08-06,-0.00925453324887,bear
2015-08-07,0.0192679915804,bear
2015-08-10,0.0444609219083,bear
2015-08-11,-0.00428040673136,bear
2015-08-12,-0.0123673034675,bear
2015-08-13,0.0143783952378,bear
2015-08-14,-0.00024125502798,bear
2015-08-17,0.000950448210054,bear
2015-08-18,-0.0637184860375,bear
2015-08-19,0.015490032919,bear
2015-08-20,-0.032220713717,bear
2015-08-21,-0.046813085707,bear
2015-08-24,-0.091723969348,bear
2015-08-25,-0.0736537106342,bear
2015-08-26,-0.00586111646073,bear
2015-08-27,0.0578596448997,bear
2015-08-28,0.0422737841247,bear
2015-08-31,0.00692271133329,bear
2015-09-01,-0.00165546713351,bear
2015-09-02,-0.00107797180331,bear
2015-09-07,-0.0327303979648,bear
2015-09-08,0.0254545804261,bear
2015-09-09,0.0194461022087,bear
2015-09-10,-0.0122420518169,bear
2015-09-11,-0.00309296092969,bear
2015-09-14,-0.0201655689142,bear
2015-09-15,-0.0404431274025,bear
2015-09-16,0.0491675570915,bear
2015-09-17,-0.0220793361615,bear
2015-09-18,0.00442883719923,bear
2015-09-21,0.0172050165963,bear
2015-09-22,0.0094140309453,bear
2015-09-23,-0.0229705966017,bear
2015-09-24,0.0066391793371,bear
2015-09-25,-0.0170861045853,bear
2015-09-28,0.00409708668074,bear
2015-09-29,-0.0205574862132,bear
2015-09-30,0.00838752957703,bear
2015-10-08,0.0288323249134,bear
2015-10-09,0.0129559869183,bear
2015-10-12,0.0318060452177,bear
2015-10-13,-0.00095194457303,bear
2015-10-14,-0.0112218366907,bear
2015-10-15,0.0231363904209,bear
2015-10-16,0.0135407778924,bear
2015-10-19,0.000114883626692,bear
2015-10-20,0.0122566006956,bear
2015-10-21,-0.0336358870344,bear
2015-10-22,0.0187801433799,bull
2015-10-23,0.0129228006816,bull
2015-10-26,0.00522758419237,intermediate
2015-10-27,0.000778612588531,intermediate
2015-10-28,-0.0188197848076,intermediate
2015-10-29,0.00238636584737,intermediate
2015-10-30,5.31983830072e-05,intermediate
2015-11-02,-0.016241947565,intermediate
2015-11-03,-0.00331110391283,intermediate
2015-11-04,0.0457838246195,bull
2015-11-05,0.0212912382188,bull
2015-11-06,0.0231580436181,bull
2015-11-09,0.0126259321773,bull
2015-11-10,-0.000815734022195,intermediate
2015-11-11,-0.00113380810382,intermediate
2015-11-12,-0.0099165665689,intermediate
2015-11-13,-0.0129852359897,intermediate
2015-11-16,0.00443610396779,intermediate
2015-11-17,-0.00112221208503,intermediate
2015-11-18,-0.011515257841,intermediate
2015-11-19,0.0154932778123,intermediate
2015-11-20,4.08025706733e-05,intermediate
2015-11-23,-0.00554157723264,intermediate
2015-11-24,-4.58250575228e-05,intermediate
2015-11-25,0.00748235666588,intermediate
2015-11-26,-0.00563529980528,intermediate
2015-11-27,-0.055636991659,bear
2015-11-30,0.00254738719024,bear
2015-12-01,0.00738662542811,bull
2015-12-02,0.0353054059988,bull
2015-12-03,0.00741861039615,intermediate
2015-12-04,-0.019182714192,intermediate
2015-12-07,0.00253116121649,intermediate
2015-12-08,-0.017427410013,intermediate
2015-12-09,0.00343115226934,intermediate
2015-12-10,-0.00343474000585,intermediate
2015-12-11,-0.00415051271395,intermediate
2015-12-14,0.0279476869882,bull
2015-12-15,-0.00446895586271,intermediate
2015-12-16,-0.00230330642009,intermediate
2015-12-17,0.0187544847588,bull
2015-12-18,0.00341320848343,bull
2015-12-21,0.0254343464077,bull
2015-12-22,0.00293926239794,intermediate
2015-12-23,-0.00254532682782,intermediate
2015-12-24,-0.00971687764219,intermediate
2015-12-25,0.00221611825686,intermediate
2015-12-28,-0.0287693469306,intermediate
2015-12-29,0.00870344754913,intermediate
2015-12-30,0.00061070181048,intermediate
2015-12-31,-0.00888465159728,intermediate
2016-01-04,-0.0723866158354,bear
2016-01-05,0.00229605958541,bear
2016-01-06,0.0176411715713,bear
2016-01-07,-0.0748594051074,bear
2016-01-08,0.0231923828436,bear
2016-01-11,-0.0514469655532,bear
2016-01-12,0.00703443932528,bear
2016-01-13,-0.0185112620671,bear
2016-01-14,0.02011889803,bear
2016-01-15,-0.0324544633386,bear
2016-01-18,0.00428090750143,bear
2016-01-19,0.0289013306893,bear
2016-01-20,-0.0152617303422,bear
2016-01-21,-0.0293371385654,bear
2016-01-22,0.00981406241361,bear
2016-01-25,0.00482943107844,bear
2016-01-26,-0.061460275793,bear
2016-01-27,-0.00364736083363,bear
2016-01-28,-0.0260100447799,bear
2016-01-29,0.0312436491753,bear
2016-02-01,-0.0157181995342,bear
2016-02-02,0.020851286373,bull
2016-02-03,-0.00439313480864,intermediate
2016-02-04,0.012141034917,intermediate
2016-02-05,-0.00714468407446,intermediate
2016-02-15,-0.00538339179386,intermediate
2016-02-16,0.0298169691289,bull
2016-02-17,0.00870487488123,intermediate
2016-02-18,-0.00303247859168,intermediate
2016-02-19,-0.000610877269846,intermediate
2016-02-22,0.0215620014557,bull
2016-02-23,-0.00935945062682,intermediate
2016-02-24,0.00638605212808,intermediate
2016-02-25,-0.0630427633198,bear
2016-02-26,0.00974054758608,bear
2016-02-29,-0.0243659699368,bear
2016-03-01,0.0185442938725,bear
2016-03-02,0.0400954882583,bear
2016-03-03,0.00251787830585,bear
