time,x11,x12,x13,x21,x22,x23,x31,x32,x33
14/3/14 10:00,0.0,0.0,0.0,0.0,0.0,0.0,0.0,0.0,0.0
14/3/14 11:00,0.0,0.0,0.0,0.0,0.0,0.0,0.0,0.0,0.0
14/3/14 13:00,0.0,0.0,0.0,0.0,0.0,0.0,0.0,0.0,0.0
14/3/14 14:00,0.0,0.0,0.0,0.0,0.0,0.0,0.0,0.0,0.0
14/3/17 10:00,0.0,0.0,0.0,0.0,0.0,0.0,0.0,0.0,0.0
14/3/17 11:00,0.0,0.0,0.0,0.0,0.0,0.0,0.0,0.0,0.0
14/3/17 13:00,0.0,0.0,0.0,0.0,0.0,0.0,0.0,0.0,0.0
14/3/17 14:00,0.0,0.0,0.0,0.0,0.0,0.0,0.0,0.0,0.0
14/3/18 10:00,0.0,0.0,0.0,0.0,0.0,0.0,0.0,0.0,0.0
14/3/18 11:00,0.0,0.0,0.0,0.0,0.0,0.0,0.0,0.0,0.0
14/3/18 13:00,0.0,0.0,0.0,0.0,0.0,0.0,0.0,0.0,0.0
14/3/18 14:00,0.0,0.0,0.0,0.0,0.0,0.0,0.0,0.0,0.0
14/3/19 10:00,0.0,0.0,0.0,0.0,0.0,0.0,0.0,0.0,0.0
14/3/19 11:00,0.0,0.0,0.0,0.0,0.0,0.0,0.0,0.0,0.0
14/3/19 13:00,0.0,0.0,0.0,0.0,0.0,0.0,0.0,0.0,0.0
14/3/19 14:00,0.0,0.0,0.0,0.0,0.0,0.0,0.0,0.0,0.0
14/3/20 10:00,0.0,0.0,0.0,0.0,0.0,0.0,0.0,0.0,0.0
14/3/20 11:00,0.0,0.0,0.0,0.0,0.0,0.0,0.0,0.0,0.0
14/3/20 13:00,0.0,0.0,0.0,0.0,0.0,0.0,0.0,0.0,0.0
14/3/20 14:00,0.0,0.0,0.0,0.0,0.0,0.0,0.0,0.0,0.0
14/3/21 10:00,0.0,0.0,0.0,0.0,0.0,0.0,0.0,0.0,0.0
14/3/21 11:00,0.0,0.0,0.0,0.0,0.0,0.0,0.0,0.0,0.0
14/3/21 13:00,0.0,0.0,0.0,0.0,0.0,0.0,0.0,0.0,0.0
14/3/21 14:00,0.0,0.0,0.0,0.0,0.0,0.0,0.0,0.0,0.0
14/3/24 10:00,0.0,0.0,0.0,0.0,0.0,0.0,0.0,0.0,0.0
14/3/24 11:00,0.0,0.0,0.0,0.0,0.0,0.0,0.0,0.0,0.0
14/3/24 13:00,0.0,0.0,0.0,0.0,0.0,0.0,0.0,0.0,0.0
14/3/24 14:00,0.0,0.0,0.0,0.0,0.0,0.0,0.0,0.0,0.0
14/3/25 10:00,0.0,0.0,0.0,0.0,0.0,0.0,0.0,0.0,0.0
14/3/25 11:00,0.0,0.0,0.0,0.0,0.0,0.0,0.0,0.0,0.0
14/3/25 13:00,0.0,0.0,0.0,0.0,0.0,0.0,0.0,0.0,0.0
14/3/25 14:00,0.0,0.0,0.0,0.0,0.0,0.0,0.0,0.0,0.0
14/3/26 10:00,0.0,0.0,0.0,0.0,0.0,0.0,0.0,0.0,0.0
14/3/26 11:00,0.0,0.0,0.0,0.0,0.0,0.0,0.0,0.0,0.0
14/3/26 13:00,0.0,0.0,0.0,0.0,0.0,0.0,0.0,0.0,0.0
14/3/26 14:00,0.0,0.0,0.0,0.0,0.0,0.0,0.0,0.0,0.0
14/3/27 10:00,0.0,0.0,0.0,0.0,0.0,0.0,0.0,0.0,0.0
14/3/27 11:00,0.0,0.0,0.0,0.0,0.0,0.0,0.0,0.0,0.0
14/3/27 13:00,0.0,0.0,0.0,0.0,0.0,0.0,0.0,0.0,0.0
14/3/27 14:00,0.0,0.0,0.0,0.0,0.0,0.0,0.0,0.0,0.0
14/3/28 10:00,0.0,0.0,0.0,0.0,0.0,0.0,0.0,0.0,0.0
14/3/28 11:00,0.0,0.0,0.0,0.0,0.0,0.0,0.0,0.0,0.0
14/3/28 13:00,0.0,0.0,0.0,0.0,0.0,0.0,0.0,0.0,0.0
14/3/28 14:00,0.0,0.0,0.0,0.0,0.0,0.0,0.0,0.0,0.0
14/3/31 10:00,0.0,0.0,0.0,0.0,0.0,0.0,0.0,0.0,0.0
14/3/31 11:00,0.0,0.0,0.0,0.0,0.0,0.0,0.0,0.0,0.0
14/3/31 13:00,0.0,0.0,0.0,0.0,0.0,0.0,0.0,0.0,0.0
14/3/31 14:00,0.0,0.0,0.0,0.0,0.0,0.0,0.0,0.0,0.0
14/4/1 10:00,0.0,0.0,0.0,0.0,0.0,0.0,0.0,0.0,0.0
14/4/1 11:00,0.0,0.0,0.0,0.0,0.0,0.0,0.0,0.0,0.0
14/4/1 13:00,0.0,0.0,0.0,0.0,0.0,0.0,0.0,0.0,0.0
14/4/1 14:00,0.0,0.0,0.0,0.0,0.0,0.0,0.0,0.0,0.0
14/4/2 10:00,0.0,0.0,0.0,0.0,0.0,0.0,0.0,0.0,0.0
14/4/2 11:00,0.0,0.0,0.0,0.0,0.0,0.0,0.0,0.0,0.0
14/4/2 13:00,0.0,0.0,0.0,0.0,0.0,0.0,0.0,0.0,0.0
14/4/2 14:00,0.0,0.0,0.0,0.0,0.0,0.0,0.0,0.0,0.0
14/4/3 10:00,0.0,0.0,0.0,0.0,0.0,0.0,0.0,0.0,0.0
14/4/3 11:00,0.0,0.0,0.0,0.0,0.0,0.0,0.0,0.0,0.0
14/4/3 13:00,0.0,0.0,0.0,0.0,0.0,0.0,0.0,0.0,0.0
14/4/3 14:00,0.0,0.0,0.0,0.0,0.0,0.0,0.0,0.0,0.0
14/4/4 10:00,0.0,0.0,0.0,0.0,0.0,0.0,0.0,0.0,0.0
14/4/4 11:00,0.0,0.0,0.0,0.0,0.0,0.0,0.0,0.0,0.0
14/4/4 13:00,0.0,0.0,0.0,0.0,0.0,0.0,0.0,0.0,0.0
14/4/4 14:00,0.0,0.0,0.0,0.0,0.0,0.0,0.0,0.0,0.0
14/4/8 10:00,0.0,0.0,0.0,0.0,0.0,0.0,0.0,0.0,0.0
14/4/8 11:00,0.0,0.0,0.0,0.0,0.0,0.0,0.0,0.0,0.0
14/4/8 13:00,0.0,0.0,0.0,0.0,0.0,0.0,0.0,0.0,0.0
14/4/8 14:00,0.0,0.0,0.0,0.0,0.0,0.0,0.0,0.0,0.0
14/4/9 10:00,0.0,0.0,0.0,0.0,0.0,0.0,0.0,0.0,0.0
14/4/9 11:00,0.0,0.0,0.0,0.0,0.0,0.0,0.0,0.0,0.0
14/4/9 13:00,0.0,0.0,0.0,0.0,0.0,0.0,0.0,0.0,0.0
14/4/9 14:00,0.0,0.0,0.0,0.0,0.0,0.0,0.0,0.0,0.0
14/4/10 10:00,0.0,0.0,0.0,0.0,0.0,0.0,0.0,0.0,0.0
14/4/10 11:00,0.0,0.0,0.0,0.0,0.0,0.0,0.0,0.0,0.0
14/4/10 13:00,0.0,0.0,0.0,0.0,0.0,0.0,0.0,0.0,0.0
14/4/10 14:00,0.0,0.0,0.0,0.0,0.0,0.0,0.0,0.0,0.0
14/4/11 10:00,0.0,0.0,0.0,0.0,0.0,0.0,0.0,0.0,0.0
14/4/11 11:00,0.0,0.0,0.0,0.0,0.0,0.0,0.0,0.0,0.0
14/4/11 13:00,0.0,0.0,0.0,0.0,0.0,0.0,0.0,0.0,0.0
14/4/11 14:00,0.0,0.0,0.0,0.0,0.0,0.0,0.0,0.0,0.0
14/4/14 10:00,0.0,0.0,0.0,0.0,0.0,0.0,0.0,0.0,0.0
14/4/14 11:00,0.0,0.0,0.0,0.0,0.0,0.0,0.0,0.0,0.0
14/4/14 13:00,0.0,0.0,0.0,0.0,0.0,0.0,0.0,0.0,0.0
14/4/14 14:00,0.0,0.0,0.0,0.0,0.0,0.0,0.0,0.0,0.0
14/4/15 10:00,0.0,0.0,0.0,0.0,0.0,0.0,0.0,0.0,0.0
14/4/15 11:00,0.0,0.0,0.0,0.0,0.0,0.0,0.0,0.0,0.0
14/4/15 13:00,0.0,0.0,0.0,0.0,0.0,0.0,0.0,0.0,0.0
14/4/15 14:00,0.0,0.0,0.0,0.0,0.0,0.0,0.0,0.0,0.0
14/4/16 10:00,0.0,0.0,0.0,0.0,0.0,0.0,0.0,0.0,0.0
14/4/16 11:00,0.0,0.0,0.0,0.0,0.0,0.0,0.0,0.0,0.0
14/4/16 13:00,0.0,0.0,0.0,0.0,0.0,0.0,0.0,0.0,0.0
14/4/16 14:00,0.0,0.0,0.0,0.0,0.0,0.0,0.0,0.0,0.0
14/4/17 10:00,0.0,0.0,0.0,0.0,0.0,0.0,0.0,0.0,0.0
14/4/17 11:00,0.0,0.0,0.0,0.0,0.0,0.0,0.0,0.0,0.0
14/4/17 13:00,0.0,0.0,0.0,0.0,0.0,0.0,0.0,0.0,0.0
14/4/17 14:00,0.0,0.0,0.0,0.0,0.0,0.0,0.0,0.0,0.0
14/4/18 10:00,0.0,0.0,0.0,0.0,0.0,0.0,0.0,0.0,0.0
14/4/18 11:00,0.0,0.0,0.0,0.0,0.0,0.0,0.0,0.0,0.0
14/4/18 13:00,0.0,0.0,0.0,0.0,0.0,0.0,0.0,0.0,0.0
14/4/18 14:00,0.0,0.0,0.0,0.0,0.0,0.0,0.0,0.0,0.0
14/4/21 10:00,0.0,0.0,0.0,0.0,0.0,0.0,0.0,0.0,0.0
14/4/21 11:00,0.0,0.0,0.0,0.0,0.0,0.0,0.0,0.0,0.0
14/4/21 13:00,0.0,0.0,0.0,0.0,0.0,0.0,0.0,0.0,0.0
14/4/21 14:00,0.0,0.0,0.0,0.0,0.0,0.0,0.0,0.0,0.0
14/4/22 10:00,0.0,0.0,0.0,0.0,0.0,0.0,0.0,0.0,0.0
14/4/22 11:00,0.0,0.0,0.0,0.0,0.0,0.0,0.0,0.0,0.0
14/4/22 13:00,0.0,0.0,0.0,0.0,0.0,0.0,0.0,0.0,0.0
14/4/22 14:00,0.0,0.0,0.0,0.0,0.0,0.0,0.0,0.0,0.0
14/4/23 10:00,0.0,0.0,0.0,0.0,0.0,0.0,0.0,0.0,0.0
14/4/23 11:00,0.0,0.0,0.0,0.0,0.0,0.0,0.0,0.0,0.0
14/4/23 13:00,0.0,0.0,0.0,0.0,0.0,0.0,0.0,0.0,0.0
14/4/23 14:00,0.0,0.0,0.0,0.0,0.0,0.0,0.0,0.0,0.0
14/4/24 10:00,0.0,0.0,0.0,0.0,0.0,0.0,0.0,0.0,0.0
14/4/24 11:00,0.0,0.0,0.0,0.0,0.0,0.0,0.0,0.0,0.0
14/4/24 13:00,0.0,0.0,0.0,0.0,0.0,0.0,0.0,0.0,0.0
14/4/24 14:00,0.0,0.0,0.0,0.0,0.0,0.0,0.0,0.0,0.0
14/4/25 10:00,0.0,0.0,0.0,0.0,0.0,0.0,0.0,0.0,0.0
14/4/25 11:00,0.0,0.0,0.0,0.0,0.0,0.0,0.0,0.0,0.0
14/4/25 13:00,0.0,0.0,0.0,0.0,0.0,0.0,0.0,0.0,0.0
14/4/25 14:00,0.0,0.0,0.0,0.0,0.0,0.0,0.0,0.0,0.0
14/4/28 10:00,0.0,0.0,0.0,0.0,0.0,0.0,0.0,0.0,0.0
14/4/28 11:00,0.0,0.0,0.0,0.0,0.0,0.0,0.0,0.0,0.0
14/4/28 13:00,0.0,0.0,0.0,0.0,0.0,0.0,0.0,0.0,0.0
14/4/28 14:00,0.0,0.0,0.0,0.0,0.0,0.0,0.0,0.0,0.0
14/4/29 10:00,0.0,0.0,0.0,0.0,0.0,0.0,0.0,0.0,0.0
14/4/29 11:00,0.0,0.0,0.0,0.0,0.0,0.0,0.0,0.0,0.0
14/4/29 13:00,0.0,0.0,0.0,0.0,0.0,0.0,0.0,0.0,0.0
14/4/29 14:00,0.0,0.0,0.0,0.0,0.0,0.0,0.0,0.0,0.0
14/4/30 10:00,0.0,0.0,0.0,0.0,0.0,0.0,0.0,0.0,0.0
14/4/30 11:00,0.0,0.0,0.0,0.0,0.0,0.0,0.0,0.0,0.0
14/4/30 13:00,0.0,0.0,0.0,0.0,0.0,0.0,0.0,0.0,0.0
14/4/30 14:00,0.0,0.0,0.0,0.0,0.0,0.0,0.0,0.0,0.0
14/5/5 10:00,0.0,0.0,0.0,0.0,0.0,0.0,0.0,0.0,0.0
14/5/5 11:00,0.0,0.0,0.0,0.0,0.0,0.0,0.0,0.0,0.0
14/5/5 13:00,0.0,0.0,0.0,0.0,0.0,0.0,0.0,0.0,0.0
14/5/5 14:00,0.0,0.0,0.0,0.0,0.0,0.0,0.0,0.0,0.0
14/5/6 10:00,0.0,0.0,0.0,0.0,0.0,0.0,0.0,0.0,0.0
14/5/6 11:00,0.0,0.0,0.0,0.0,0.0,0.0,0.0,0.0,0.0
14/5/6 13:00,0.0,0.0,0.0,0.0,0.0,0.0,0.0,0.0,0.0
14/5/6 14:00,0.0,0.0,0.0,0.0,0.0,0.0,0.0,0.0,0.0
14/5/7 10:00,0.0,0.0,0.0,0.0,0.0,0.0,0.0,0.0,0.0
14/5/7 11:00,0.0,0.0,0.0,0.0,0.0,0.0,0.0,0.0,0.0
14/5/7 13:00,0.0,0.0,0.0,0.0,0.0,0.0,0.0,0.0,0.0
14/5/7 14:00,0.0,0.0,0.0,0.0,0.0,0.0,0.0,0.0,0.0
14/5/8 10:00,0.0,0.0,0.0,0.0,0.0,0.0,0.0,0.0,0.0
14/5/8 11:00,0.0,0.0,0.0,0.0,0.0,0.0,0.0,0.0,0.0
14/5/8 13:00,0.0,0.0,0.0,0.0,0.0,0.0,0.0,0.0,0.0
14/5/8 14:00,0.0,0.0,0.0,0.0,0.0,0.0,0.0,0.0,0.0
14/5/9 10:00,0.0,0.0,0.0,0.0,0.0,0.0,0.0,0.0,0.0
14/5/9 11:00,0.0,0.0,0.0,0.0,0.0,0.0,0.0,0.0,0.0
14/5/9 13:00,0.0,0.0,0.0,0.0,0.0,0.0,0.0,0.0,0.0
14/5/9 14:00,0.0,0.0,0.0,0.0,0.0,0.0,0.0,0.0,0.0
14/5/12 10:00,0.0,0.0,0.0,0.0,0.0,0.0,0.0,0.0,0.0
14/5/12 11:00,0.0,0.0,0.0,0.0,0.0,0.0,0.0,0.0,0.0
14/5/12 13:00,0.0,0.0,0.0,0.0,0.0,0.0,0.0,0.0,0.0
14/5/12 14:00,0.0,0.0,0.0,0.0,0.0,0.0,0.0,0.0,0.0
14/5/13 10:00,0.0,0.0,0.0,0.0,0.0,0.0,0.0,0.0,0.0
14/5/13 11:00,0.0,0.0,0.0,0.0,0.0,0.0,0.0,0.0,0.0
14/5/13 13:00,0.0,0.0,0.0,0.0,0.0,0.0,0.0,0.0,0.0
14/5/13 14:00,0.0,0.0,0.0,0.0,0.0,0.0,0.0,0.0,0.0
14/5/14 10:00,0.0,0.0,0.0,0.0,0.0,0.0,0.0,0.0,0.0
14/5/14 11:00,0.0,0.0,0.0,0.0,0.0,0.0,0.0,0.0,0.0
14/5/14 13:00,0.0,0.0,0.0,0.0,0.0,0.0,0.0,0.0,0.0
14/5/14 14:00,0.0,0.0,0.0,0.0,0.0,0.0,0.0,0.0,0.0
14/5/15 10:00,0.0,0.0,0.0,0.0,0.0,0.0,0.0,0.0,0.0
14/5/15 11:00,0.0,0.0,0.0,0.0,0.0,0.0,0.0,0.0,0.0
14/5/15 13:00,0.0,0.0,0.0,0.0,0.0,0.0,0.0,0.0,0.0
14/5/15 14:00,0.0,0.0,0.0,0.0,0.0,0.0,0.0,0.0,0.0
14/5/16 10:00,0.0,0.0,0.0,0.0,0.0,0.0,0.0,0.0,0.0
14/5/16 11:00,0.0,0.0,0.0,0.0,0.0,0.0,0.0,0.0,0.0
14/5/16 13:00,0.0,0.0,0.0,0.0,0.0,0.0,0.0,0.0,0.0
14/5/16 14:00,0.0,0.0,0.0,0.0,0.0,0.0,0.0,0.0,0.0
14/5/19 10:00,0.0,0.0,0.0,0.0,0.0,0.0,0.0,0.0,0.0
14/5/19 11:00,0.0,0.0,0.0,0.0,0.0,0.0,0.0,0.0,0.0
14/5/19 13:00,0.0,0.0,0.0,0.0,0.0,0.0,0.0,0.0,0.0
14/5/19 14:00,0.0,0.0,0.0,0.0,0.0,0.0,0.0,0.0,0.0
14/5/20 10:00,0.0,0.0,0.0,0.0,0.0,0.0,0.0,0.0,0.0
14/5/20 11:00,0.0,0.0,0.0,0.0,0.0,0.0,0.0,0.0,0.0
14/5/20 13:00,0.0,0.0,0.0,0.0,0.0,0.0,0.0,0.0,0.0
14/5/20 14:00,0.0,0.0,0.0,0.0,0.0,0.0,0.0,0.0,0.0
14/5/21 10:00,0.0,0.0,0.0,0.0,0.0,0.0,0.0,0.0,0.0
14/5/21 11:00,0.0,0.0,0.0,0.0,0.0,0.0,0.0,0.0,0.0
14/5/21 13:00,0.0,0.0,0.0,0.0,0.0,0.0,0.0,0.0,0.0
14/5/21 14:00,0.0,0.0,0.0,0.0,0.0,0.0,0.0,0.0,0.0
14/5/22 10:00,0.0,0.0,0.0,0.0,0.0,0.0,0.0,0.0,0.0
14/5/22 11:00,0.0,0.0,0.0,0.0,0.0,0.0,0.0,0.0,0.0
14/5/22 13:00,0.0,0.0,0.0,0.0,0.0,0.0,0.0,0.0,0.0
14/5/22 14:00,0.0,0.0,0.0,0.0,0.0,0.0,0.0,0.0,0.0
14/5/23 10:00,0.0,0.0,0.0,0.0,0.0,0.0,0.0,0.0,0.0
14/5/23 11:00,0.0,0.0,0.0,0.0,0.0,0.0,0.0,0.0,0.0
14/5/23 13:00,0.0,0.0,0.0,0.0,0.0,0.0,0.0,0.0,0.0
14/5/23 14:00,0.0,0.0,0.0,0.0,0.0,0.0,0.0,0.0,0.0
14/5/26 10:00,0.0,0.0,0.0,0.0,0.0,0.0,0.0,0.0,0.0
14/5/26 11:00,0.0,0.0,0.0,0.0,0.0,0.0,0.0,0.0,0.0
14/5/26 13:00,0.0,0.0,0.0,0.0,0.0,0.0,0.0,0.0,0.0
14/5/26 14:00,0.0,0.0,0.0,0.0,0.0,0.0,0.0,0.0,0.0
14/5/27 10:00,0.0,0.0,0.0,0.0,0.0,0.0,0.0,0.0,0.0
14/5/27 11:00,0.0,0.0,0.0,0.0,0.0,0.0,0.0,0.0,0.0
14/5/27 13:00,0.0,0.0,0.0,0.0,0.0,0.0,0.0,0.0,0.0
14/5/27 14:00,0.0,0.0,0.0,0.0,0.0,0.0,0.0,0.0,0.0
14/5/28 10:00,0.0,0.0,0.0,0.0,0.0,0.0,0.0,0.0,0.0
14/5/28 11:00,0.0,0.0,0.0,0.0,0.0,0.0,0.0,0.0,0.0
14/5/28 13:00,0.0,0.0,0.0,0.0,0.0,0.0,0.0,0.0,0.0
14/5/28 14:00,0.0,0.0,0.0,0.0,0.0,0.0,0.0,0.0,0.0
14/5/29 10:00,0.0,0.0,0.0,0.0,0.0,0.0,0.0,0.0,0.0
14/5/29 11:00,0.0,0.0,0.0,0.0,0.0,0.0,0.0,0.0,0.0
14/5/29 13:00,0.0,0.0,0.0,0.0,0.0,0.0,0.0,0.0,0.0
14/5/29 14:00,0.0,0.0,0.0,0.0,0.0,0.0,0.0,0.0,0.0
14/5/30 10:00,0.0,0.0,0.0,0.0,0.0,0.0,0.0,0.0,0.0
14/5/30 11:00,0.0,0.0,0.0,0.0,0.0,0.0,0.0,0.0,0.0
14/5/30 13:00,0.0,0.0,0.0,0.0,0.0,0.0,0.0,0.0,0.0
14/5/30 14:00,0.0,0.0,0.0,0.0,0.0,0.0,0.0,0.0,0.0
14/6/3 10:00,0.0,0.0,0.0,0.0,0.0,0.0,0.0,0.0,0.0
14/6/3 11:00,0.0,0.0,0.0,0.0,0.0,0.0,0.0,0.0,0.0
14/6/3 13:00,0.0,0.0,0.0,0.0,0.0,0.0,0.0,0.0,0.0
14/6/3 14:00,0.0,0.0,0.0,0.0,0.0,0.0,0.0,0.0,0.0
14/6/4 10:00,0.0,0.0,0.0,0.0,0.0,0.0,0.0,0.0,0.0
14/6/4 11:00,0.0,0.0,0.0,0.0,0.0,0.0,0.0,0.0,0.0
14/6/4 13:00,0.0,0.0,0.0,0.0,0.0,0.0,0.0,0.0,0.0
14/6/4 14:00,0.0,0.0,0.0,0.0,0.0,0.0,0.0,0.0,0.0
14/6/5 10:00,0.0,0.0,0.0,0.0,0.0,0.0,0.0,0.0,0.0
14/6/5 11:00,0.0,0.0,0.0,0.0,0.0,0.0,0.0,0.0,0.0
14/6/5 13:00,0.0,0.0,0.0,0.0,0.0,0.0,0.0,0.0,0.0
14/6/5 14:00,0.0,0.0,0.0,0.0,0.0,0.0,0.0,0.0,0.0
14/6/6 10:00,0.0,0.0,0.0,0.0,0.0,0.0,0.0,0.0,0.0
14/6/6 11:00,0.0,0.0,0.0,0.0,0.0,0.0,0.0,0.0,0.0
14/6/6 13:00,0.0,0.0,0.0,0.0,0.0,0.0,0.0,0.0,0.0
14/6/6 14:00,0.0,0.0,0.0,0.0,0.0,0.0,0.0,0.0,0.0
14/6/9 10:00,0.0,0.0,0.0,0.0,0.0,0.0,0.0,0.0,0.0
14/6/9 11:00,0.0,0.0,0.0,0.0,0.0,0.0,0.0,0.0,0.0
14/6/9 13:00,0.0,0.0,0.0,0.0,0.0,0.0,0.0,0.0,0.0
14/6/9 14:00,0.0,0.0,0.0,0.0,0.0,0.0,0.0,0.0,0.0
14/6/10 10:00,0.0,0.0,0.0,0.0,0.0,0.0,0.0,0.0,0.0
14/6/10 11:00,0.0,0.0,0.0,0.0,0.0,0.0,0.0,0.0,0.0
14/6/10 13:00,0.0,0.0,0.0,0.0,0.0,0.0,0.0,0.0,0.0
14/6/10 14:00,0.0,0.0,0.0,0.0,0.0,0.0,0.0,0.0,0.0
14/6/11 10:00,0.0,0.0,0.0,0.0,0.0,0.0,0.0,0.0,0.0
14/6/11 11:00,0.0,0.0,0.0,0.0,0.0,0.0,0.0,0.0,0.0
14/6/11 13:00,0.0,0.0,0.0,0.0,0.0,0.0,0.0,0.0,0.0
14/6/11 14:00,0.0,0.0,0.0,0.0,0.0,0.0,0.0,0.0,0.0
14/6/12 10:00,0.0,0.0,0.0,0.0,0.0,0.0,0.0,0.0,0.0
14/6/12 11:00,0.0,0.0,0.0,0.0,0.0,0.0,0.0,0.0,0.0
14/6/12 13:00,0.0,0.0,0.0,0.0,0.0,0.0,0.0,0.0,0.0
14/6/12 14:00,0.0,0.0,0.0,0.0,0.0,0.0,0.0,0.0,0.0
14/6/13 10:00,0.0,0.0,0.0,0.0,0.0,0.0,0.0,0.0,0.0
14/6/13 11:00,0.0,0.0,0.0,0.0,0.0,0.0,0.0,0.0,0.0
14/6/13 13:00,0.0,0.0,0.0,0.0,0.0,0.0,0.0,0.0,0.0
14/6/13 14:00,0.0,0.0,0.0,0.0,0.0,0.0,0.0,0.0,0.0
14/6/16 10:00,0.0,0.0,0.0,0.0,0.0,0.0,0.0,0.0,0.0
14/6/16 11:00,0.0,0.0,0.0,0.0,0.0,0.0,0.0,0.0,0.0
14/6/16 13:00,0.0,0.0,0.0,0.0,0.0,0.0,0.0,0.0,0.0
14/6/16 14:00,0.0,0.0,0.0,0.0,0.0,0.0,0.0,0.0,0.0
14/6/17 10:00,0.0,0.0,0.0,0.0,0.0,0.0,0.0,0.0,0.0
14/6/17 11:00,0.0,0.0,0.0,0.0,0.0,0.0,0.0,0.0,0.0
14/6/17 13:00,0.0,0.0,0.0,0.0,0.0,0.0,0.0,0.0,0.0
14/6/17 14:00,0.0,0.0,0.0,0.0,0.0,0.0,0.0,0.0,0.0
14/6/18 10:00,0.0,0.0,0.0,0.0,0.0,0.0,0.0,0.0,0.0
14/6/18 11:00,0.0,0.0,0.0,0.0,0.0,0.0,0.0,0.0,0.0
14/6/18 13:00,0.0,0.0,0.0,0.0,0.0,0.0,0.0,0.0,0.0
14/6/18 14:00,0.0,0.0,0.0,0.0,0.0,0.0,0.0,0.0,0.0
14/6/19 10:00,0.0,0.0,0.0,0.0,0.0,0.0,0.0,0.0,0.0
14/6/19 11:00,0.0,0.0,0.0,0.0,0.0,0.0,0.0,0.0,0.0
14/6/19 13:00,0.0,0.0,0.0,0.0,0.0,0.0,0.0,0.0,0.0
14/6/19 14:00,0.0,0.0,0.0,0.0,0.0,0.0,0.0,0.0,0.0
14/6/20 10:00,0.0,0.0,0.0,0.0,0.0,0.0,0.0,0.0,0.0
14/6/20 11:00,0.0,0.0,0.0,0.0,0.0,0.0,0.0,0.0,0.0
14/6/20 13:00,0.0,0.0,0.0,0.0,0.0,0.0,0.0,0.0,0.0
14/6/20 14:00,0.0,0.0,0.0,0.0,0.0,0.0,0.0,0.0,0.0
14/6/23 10:00,0.0,0.0,0.0,0.0,0.0,0.0,0.0,0.0,0.0
14/6/23 11:00,0.0,0.0,0.0,0.0,0.0,0.0,0.0,0.0,0.0
14/6/23 13:00,0.0,0.0,0.0,0.0,0.0,0.0,0.0,0.0,0.0
14/6/23 14:00,0.0,0.0,0.0,0.0,0.0,0.0,0.0,0.0,0.0
14/6/24 10:00,0.0,0.0,0.0,0.0,0.0,0.0,0.0,0.0,0.0
14/6/24 11:00,0.0,0.0,0.0,0.0,0.0,0.0,0.0,0.0,0.0
14/6/24 13:00,0.0,0.0,0.0,0.0,0.0,0.0,0.0,0.0,0.0
14/6/24 14:00,0.0,0.0,0.0,0.0,0.0,0.0,0.0,0.0,0.0
14/6/25 10:00,0.0,0.0,0.0,0.0,0.0,0.0,0.0,0.0,0.0
14/6/25 11:00,0.0,0.0,0.0,0.0,0.0,0.0,0.0,0.0,0.0
14/6/25 13:00,0.0,0.0,0.0,0.0,0.0,0.0,0.0,0.0,0.0
14/6/25 14:00,0.0,0.0,0.0,0.0,0.0,0.0,0.0,0.0,0.0
14/6/26 10:00,0.0,0.0,0.0,0.0,0.0,0.0,0.0,0.0,0.0
14/6/26 11:00,0.0,0.0,0.0,0.0,0.0,0.0,0.0,0.0,0.0
14/6/26 13:00,0.0,0.0,0.0,0.0,0.0,0.0,0.0,0.0,0.0
14/6/26 14:00,0.0,0.0,0.0,0.0,0.0,0.0,0.0,0.0,0.0
14/6/27 10:00,0.0,0.0,0.0,0.0,0.0,0.0,0.0,0.0,0.0
14/6/27 11:00,0.0,0.0,0.0,0.0,0.0,0.0,0.0,0.0,0.0
14/6/27 13:00,0.0,0.0,0.0,0.0,0.0,0.0,0.0,0.0,0.0
14/6/27 14:00,0.0,0.0,0.0,0.0,0.0,0.0,0.0,0.0,0.0
14/6/30 10:00,0.0,0.0,0.0,0.0,0.0,0.0,0.0,0.0,0.0
14/6/30 11:00,0.0,0.0,0.0,0.0,0.0,0.0,0.0,0.0,0.0
14/6/30 13:00,0.0,0.0,0.0,0.0,0.0,0.0,0.0,0.0,0.0
14/6/30 14:00,0.0,0.0,0.0,0.0,0.0,0.0,0.0,0.0,0.0
14/7/1 10:00,0.0,0.0,0.0,0.0,0.0,0.0,0.0,0.0,0.0
14/7/1 11:00,0.0,0.0,0.0,0.0,0.0,0.0,0.0,0.0,0.0
14/7/1 13:00,0.0,0.0,0.0,0.0,0.0,0.0,0.0,0.0,0.0
14/7/1 14:00,0.0,0.0,0.0,0.0,0.0,0.0,0.0,0.0,0.0
14/7/2 10:00,0.0,0.0,0.0,0.0,0.0,0.0,0.0,0.0,0.0
14/7/2 11:00,0.0,0.0,0.0,0.0,0.0,0.0,0.0,0.0,0.0
14/7/2 13:00,0.0,0.0,0.0,0.0,0.0,0.0,0.0,0.0,0.0
14/7/2 14:00,0.0,0.0,0.0,0.0,0.0,0.0,0.0,0.0,0.0
14/7/3 10:00,0.0,0.0,0.0,0.0,0.0,0.0,0.0,0.0,0.0
14/7/3 11:00,0.0,0.0,0.0,0.0,0.0,0.0,0.0,0.0,0.0
14/7/3 13:00,0.0,0.0,0.0,0.0,0.0,0.0,0.0,0.0,0.0
14/7/3 14:00,0.0,0.0,0.0,0.0,0.0,0.0,0.0,0.0,0.0
14/7/4 10:00,0.0,0.0,0.0,0.0,0.0,0.0,0.0,0.0,0.0
14/7/4 11:00,0.0,0.0,0.0,0.0,0.0,0.0,0.0,0.0,0.0
14/7/4 13:00,0.0,0.0,0.0,0.0,0.0,0.0,0.0,0.0,0.0
14/7/4 14:00,0.0,0.0,0.0,0.0,0.0,0.0,0.0,0.0,0.0
14/7/7 10:00,0.0,0.0,0.0,0.0,0.0,0.0,0.0,0.0,0.0
14/7/7 11:00,0.0,0.0,0.0,0.0,0.0,0.0,0.0,0.0,0.0
14/7/7 13:00,0.0,0.0,0.0,0.0,0.0,0.0,0.0,0.0,0.0
14/7/7 14:00,0.0,0.0,0.0,0.0,0.0,0.0,0.0,0.0,0.0
14/7/8 10:00,0.0,0.0,0.0,0.0,0.0,0.0,0.0,0.0,0.0
14/7/8 11:00,0.0,0.0,0.0,0.0,0.0,0.0,0.0,0.0,0.0
14/7/8 13:00,0.0,0.0,0.0,0.0,0.0,0.0,0.0,0.0,0.0
14/7/8 14:00,0.0,0.0,0.0,0.0,0.0,0.0,0.0,0.0,0.0
14/7/9 10:00,0.0,0.0,0.0,0.0,0.0,0.0,0.0,0.0,0.0
14/7/9 11:00,0.0,0.0,0.0,0.0,0.0,0.0,0.0,0.0,0.0
14/7/9 13:00,0.0,0.0,0.0,0.0,0.0,0.0,0.0,0.0,0.0
14/7/9 14:00,0.0,0.0,0.0,0.0,0.0,0.0,0.0,0.0,0.0
14/7/10 10:00,0.0,0.0,0.0,0.0,0.0,0.0,0.0,0.0,0.0
14/7/10 11:00,0.0,0.0,0.0,0.0,0.0,0.0,0.0,0.0,0.0
14/7/10 13:00,0.0,0.0,0.0,0.0,0.0,0.0,0.0,0.0,0.0
14/7/10 14:00,0.0,0.0,0.0,0.0,0.0,0.0,0.0,0.0,0.0
14/7/11 10:00,0.0,0.0,0.0,0.0,0.0,0.0,0.0,0.0,0.0
14/7/11 11:00,0.0,0.0,0.0,0.0,0.0,0.0,0.0,0.0,0.0
14/7/11 13:00,0.0,0.0,0.0,0.0,0.0,0.0,0.0,0.0,0.0
14/7/11 14:00,0.0,0.0,0.0,0.0,0.0,0.0,0.0,0.0,0.0
14/7/14 10:00,0.0,0.0,0.0,0.0,0.0,0.0,0.0,0.0,0.0
14/7/14 11:00,0.0,0.0,0.0,0.0,0.0,0.0,0.0,0.0,0.0
14/7/14 13:00,0.0,0.0,0.0,0.0,0.0,0.0,0.0,0.0,0.0
14/7/14 14:00,0.0,0.0,0.0,0.0,0.0,0.0,0.0,0.0,0.0
14/7/15 10:00,0.0,0.0,0.0,0.0,0.0,0.0,0.0,0.0,0.0
14/7/15 11:00,0.0,0.0,0.0,0.0,0.0,0.0,0.0,0.0,0.0
14/7/15 13:00,0.0,0.0,0.0,0.0,0.0,0.0,0.0,0.0,0.0
14/7/15 14:00,0.0,0.0,0.0,0.0,0.0,0.0,0.0,0.0,0.0
14/7/16 10:00,0.0,0.0,0.0,0.0,0.0,0.0,0.0,0.0,0.0
14/7/16 11:00,0.0,0.0,0.0,0.0,0.0,0.0,0.0,0.0,0.0
14/7/16 13:00,0.0,0.0,0.0,0.0,0.0,0.0,0.0,0.0,0.0
14/7/16 14:00,0.0,0.0,0.0,0.0,0.0,0.0,0.0,0.0,0.0
14/7/17 10:00,0.0,0.0,0.0,0.0,0.0,0.0,0.0,0.0,0.0
14/7/17 11:00,0.0,0.0,0.0,0.0,0.0,0.0,0.0,0.0,0.0
14/7/17 13:00,0.0,0.0,0.0,0.0,0.0,0.0,0.0,0.0,0.0
14/7/17 14:00,0.0,0.0,0.0,0.0,0.0,0.0,0.0,0.0,0.0
14/7/18 10:00,0.0,0.0,0.0,0.0,0.0,0.0,0.0,0.0,0.0
14/7/18 11:00,0.0,0.0,0.0,0.0,0.0,0.0,0.0,0.0,0.0
14/7/18 13:00,0.0,0.0,0.0,0.0,0.0,0.0,0.0,0.0,0.0
14/7/18 14:00,0.0,0.0,0.0,0.0,0.0,0.0,0.0,0.0,0.0
14/7/21 10:00,0.0,0.0,0.0,0.0,0.0,0.0,0.0,0.0,0.0
14/7/21 11:00,0.0,0.0,0.0,0.0,0.0,0.0,0.0,0.0,0.0
14/7/21 13:00,0.0,0.0,0.0,0.0,0.0,0.0,0.0,0.0,0.0
14/7/21 14:00,0.0,0.0,0.0,0.0,0.0,0.0,0.0,0.0,0.0
14/7/22 10:00,0.0,0.0,0.0,0.0,0.0,0.0,0.0,0.0,0.0
14/7/22 11:00,0.0,0.0,0.0,0.0,0.0,0.0,0.0,0.0,0.0
14/7/22 13:00,0.0,0.0,0.0,0.0,0.0,0.0,0.0,0.0,0.0
14/7/22 14:00,0.0,0.0,0.0,0.0,0.0,0.0,0.0,0.0,0.0
14/7/23 10:00,0.0,0.0,0.0,0.0,0.0,0.0,0.0,0.0,0.0
14/7/23 11:00,0.0,0.0,0.0,0.0,0.0,0.0,0.0,0.0,0.0
14/7/23 13:00,0.0,0.0,0.0,0.0,0.0,0.0,0.0,0.0,0.0
14/7/23 14:00,0.0,0.0,0.0,0.0,0.0,0.0,0.0,0.0,0.0
14/7/24 10:00,0.0,0.0,0.0,0.0,0.0,0.0,0.0,0.0,0.0
14/7/24 11:00,0.0,0.0,0.0,0.0,0.0,0.0,0.0,0.0,0.0
14/7/24 13:00,0.0,0.0,0.0,0.0,0.0,0.0,0.0,0.0,0.0
14/7/24 14:00,0.0,0.0,0.0,0.0,0.0,0.0,0.0,0.0,0.0
14/7/25 10:00,0.0,0.0,0.0,0.0,0.0,0.0,0.0,0.0,0.0
14/7/25 11:00,0.0,0.0,0.0,0.0,0.0,0.0,0.0,0.0,0.0
14/7/25 13:00,0.0,0.0,0.0,0.0,0.0,0.0,0.0,0.0,0.0
14/7/25 14:00,0.0,0.0,0.0,0.0,0.0,0.0,0.0,0.0,0.0
14/7/28 10:00,0.0,0.0,0.0,0.0,0.0,0.0,0.0,0.0,0.0
14/7/28 11:00,0.0,0.0,0.0,0.0,0.0,0.0,0.0,0.0,0.0
14/7/28 13:00,0.0,0.0,0.0,0.0,0.0,0.0,0.0,0.0,0.0
14/7/28 14:00,0.0,0.0,0.0,0.0,0.0,0.0,0.0,0.0,0.0
14/7/29 10:00,0.0,0.0,0.0,0.0,0.0,0.0,0.0,0.0,0.0
14/7/29 11:00,0.0,0.0,0.0,0.0,0.0,0.0,0.0,0.0,0.0
14/7/29 13:00,0.0,0.0,0.0,0.0,0.0,0.0,0.0,0.0,0.0
14/7/29 14:00,0.0,0.0,0.0,0.0,0.0,0.0,0.0,0.0,0.0
14/7/30 10:00,0.0,0.0,0.0,0.0,0.0,0.0,0.0,0.0,0.0
14/7/30 11:00,0.0,0.0,0.0,0.0,0.0,0.0,0.0,0.0,0.0
14/7/30 13:00,0.0,0.0,0.0,0.0,0.0,0.0,0.0,0.0,0.0
14/7/30 14:00,0.0,0.0,0.0,0.0,0.0,0.0,0.0,0.0,0.0
14/7/31 10:00,0.0,0.0,0.0,0.0,0.0,0.0,0.0,0.0,0.0
14/7/31 11:00,0.0,0.0,0.0,0.0,0.0,0.0,0.0,0.0,0.0
14/7/31 13:00,0.0,0.0,0.0,0.0,0.0,0.0,0.0,0.0,0.0
14/7/31 14:00,0.0,0.0,0.0,0.0,0.0,0.0,0.0,0.0,0.0
14/8/1 10:00,0.0,0.0,0.0,0.0,0.0,0.0,0.0,0.0,0.0
14/8/1 11:00,0.0,0.0,0.0,0.0,0.0,0.0,0.0,0.0,0.0
14/8/1 13:00,0.0,0.0,0.0,0.0,0.0,0.0,0.0,0.0,0.0
14/8/1 14:00,0.0,0.0,0.0,0.0,0.0,0.0,0.0,0.0,0.0
14/8/4 10:00,0.0,0.0,0.0,0.0,0.0,0.0,0.0,0.0,0.0
14/8/4 11:00,0.0,0.0,0.0,0.0,0.0,0.0,0.0,0.0,0.0
14/8/4 13:00,0.0,0.0,0.0,0.0,0.0,0.0,0.0,0.0,0.0
14/8/4 14:00,0.0,0.0,0.0,0.0,0.0,0.0,0.0,0.0,0.0
14/8/5 10:00,0.0,0.0,0.0,0.0,0.0,0.0,0.0,0.0,0.0
14/8/5 11:00,0.0,0.0,0.0,0.0,0.0,0.0,0.0,0.0,0.0
14/8/5 13:00,0.0,0.0,0.0,0.0,0.0,0.0,0.0,0.0,0.0
14/8/5 14:00,0.0,0.0,0.0,0.0,0.0,0.0,0.0,0.0,0.0
14/8/6 10:00,0.0,0.0,0.0,0.0,0.0,0.0,0.0,0.0,0.0
14/8/6 11:00,0.0,0.0,0.0,0.0,0.0,0.0,0.0,0.0,0.0
14/8/6 13:00,0.0,0.0,0.0,0.0,0.0,0.0,0.0,0.0,0.0
14/8/6 14:00,0.0,0.0,0.0,0.0,0.0,0.0,0.0,0.0,0.0
14/8/7 10:00,0.0,0.0,0.0,0.0,0.0,0.0,0.0,0.0,0.0
14/8/7 11:00,0.0,0.0,0.0,0.0,0.0,0.0,0.0,0.0,0.0
14/8/7 13:00,0.0,0.0,0.0,0.0,0.0,0.0,0.0,0.0,0.0
14/8/7 14:00,0.0,0.0,0.0,0.0,0.0,0.0,0.0,0.0,0.0
14/8/8 10:00,0.0,0.0,0.0,0.0,0.0,0.0,0.0,0.0,0.0
14/8/8 11:00,0.0,0.0,0.0,0.0,0.0,0.0,0.0,0.0,0.0
14/8/8 13:00,0.0,0.0,0.0,0.0,0.0,0.0,0.0,0.0,0.0
14/8/8 14:00,0.0,0.0,0.0,0.0,0.0,0.0,0.0,0.0,0.0
14/8/11 10:00,0.0,0.0,0.0,0.0,0.0,0.0,0.0,0.0,0.0
14/8/11 11:00,0.0,0.0,0.0,0.0,0.0,0.0,0.0,0.0,0.0
14/8/11 13:00,0.0,0.0,0.0,0.0,0.0,0.0,0.0,0.0,0.0
14/8/11 14:00,0.0,0.0,0.0,0.0,0.0,0.0,0.0,0.0,0.0
14/8/12 10:00,0.0,0.0,0.0,0.0,0.0,0.0,0.0,0.0,0.0
14/8/12 11:00,0.0,0.0,0.0,0.0,0.0,0.0,0.0,0.0,0.0
14/8/12 13:00,0.0,0.0,0.0,0.0,0.0,0.0,0.0,0.0,0.0
14/8/12 14:00,0.0,0.0,0.0,0.0,0.0,0.0,0.0,0.0,0.0
14/8/13 10:00,0.0,0.0,0.0,0.0,0.0,0.0,0.0,0.0,0.0
14/8/13 11:00,0.0,0.0,0.0,0.0,0.0,0.0,0.0,0.0,0.0
14/8/13 13:00,0.0,0.0,0.0,0.0,0.0,0.0,0.0,0.0,0.0
14/8/13 14:00,0.0,0.0,0.0,0.0,0.0,0.0,0.0,0.0,0.0
14/8/14 10:00,0.0,0.0,0.0,0.0,0.0,0.0,0.0,0.0,0.0
14/8/14 11:00,0.0,0.0,0.0,0.0,0.0,0.0,0.0,0.0,0.0
14/8/14 13:00,0.0,0.0,0.0,0.0,0.0,0.0,0.0,0.0,0.0
14/8/14 14:00,0.0,0.0,0.0,0.0,0.0,0.0,0.0,0.0,0.0
14/8/15 10:00,0.0,0.0,0.0,0.0,0.0,0.0,0.0,0.0,0.0
14/8/15 11:00,0.0,0.0,0.0,0.0,0.0,0.0,0.0,0.0,0.0
14/8/15 13:00,0.0,0.0,0.0,0.0,0.0,0.0,0.0,0.0,0.0
14/8/15 14:00,0.0,0.0,0.0,0.0,0.0,0.0,0.0,0.0,0.0
14/8/18 10:00,0.0,0.0,0.0,0.0,0.0,0.0,0.0,0.0,0.0
14/8/18 11:00,0.0,0.0,0.0,0.0,0.0,0.0,0.0,0.0,0.0
14/8/18 13:00,0.0,0.0,0.0,0.0,0.0,0.0,0.0,0.0,0.0
14/8/18 14:00,0.0,0.0,0.0,0.0,0.0,0.0,0.0,0.0,0.0
14/8/19 10:00,0.0,0.0,0.0,0.0,0.0,0.0,0.0,0.0,0.0
14/8/19 11:00,0.0,0.0,0.0,0.0,0.0,0.0,0.0,0.0,0.0
14/8/19 13:00,0.0,0.0,0.0,0.0,0.0,0.0,0.0,0.0,0.0
14/8/19 14:00,0.0,0.0,0.0,0.0,0.0,0.0,0.0,0.0,0.0
14/8/20 10:00,0.0,0.0,0.0,0.0,0.0,0.0,0.0,0.0,0.0
14/8/20 11:00,0.0,0.0,0.0,0.0,0.0,0.0,0.0,0.0,0.0
14/8/20 13:00,0.0,0.0,0.0,0.0,0.0,0.0,0.0,0.0,0.0
14/8/20 14:00,0.0,0.0,0.0,0.0,0.0,0.0,0.0,0.0,0.0
14/8/21 10:00,0.0,0.0,0.0,0.0,0.0,0.0,0.0,0.0,0.0
14/8/21 11:00,0.0,0.0,0.0,0.0,0.0,0.0,0.0,0.0,0.0
14/8/21 13:00,0.0,0.0,0.0,0.0,0.0,0.0,0.0,0.0,0.0
14/8/21 14:00,0.0,0.0,0.0,0.0,0.0,0.0,0.0,0.0,0.0
14/8/22 10:00,0.0,0.0,0.0,0.0,0.0,0.0,0.0,0.0,0.0
14/8/22 11:00,0.0,0.0,0.0,0.0,0.0,0.0,0.0,0.0,0.0
14/8/22 13:00,0.0,0.0,0.0,0.0,0.0,0.0,0.0,0.0,0.0
14/8/22 14:00,0.0,0.0,0.0,0.0,0.0,0.0,0.0,0.0,0.0
14/8/25 10:00,0.0,0.0,0.0,0.0,0.0,0.0,0.0,0.0,0.0
14/8/25 11:00,0.0,0.0,0.0,0.0,0.0,0.0,0.0,0.0,0.0
14/8/25 13:00,0.0,0.0,0.0,0.0,0.0,0.0,0.0,0.0,0.0
14/8/25 14:00,0.0,0.0,0.0,0.0,0.0,0.0,0.0,0.0,0.0
14/8/26 10:00,0.0,0.0,0.0,0.0,0.0,0.0,0.0,0.0,0.0
14/8/26 11:00,0.0,0.0,0.0,0.0,0.0,0.0,0.0,0.0,0.0
14/8/26 13:00,0.0,0.0,0.0,0.0,0.0,0.0,0.0,0.0,0.0
14/8/26 14:00,0.0,0.0,0.0,0.0,0.0,0.0,0.0,0.0,0.0
14/8/27 10:00,0.0,0.0,0.0,0.0,0.0,0.0,0.0,0.0,0.0
14/8/27 11:00,0.0,0.0,0.0,0.0,0.0,0.0,0.0,0.0,0.0
14/8/27 13:00,0.0,0.0,0.0,0.0,0.0,0.0,0.0,0.0,0.0
14/8/27 14:00,0.0,0.0,0.0,0.0,0.0,0.0,0.0,0.0,0.0
14/8/28 10:00,0.0,0.0,0.0,0.0,0.0,0.0,0.0,0.0,0.0
14/8/28 11:00,0.0,0.0,0.0,0.0,0.0,0.0,0.0,0.0,0.0
14/8/28 13:00,0.0,0.0,0.0,0.0,0.0,0.0,0.0,0.0,0.0
14/8/28 14:00,0.0,0.0,0.0,0.0,0.0,0.0,0.0,0.0,0.0
14/8/29 10:00,0.0,0.0,0.0,0.0,0.0,0.0,0.0,0.0,0.0
14/8/29 11:00,0.0,0.0,0.0,0.0,0.0,0.0,0.0,0.0,0.0
14/8/29 13:00,0.0,0.0,0.0,0.0,0.0,0.0,0.0,0.0,0.0
14/8/29 14:00,0.0,0.0,0.0,0.0,0.0,0.0,0.0,0.0,0.0
14/9/1 10:00,0.0,0.0,0.0,0.0,0.0,0.0,0.0,0.0,0.0
14/9/1 11:00,0.0,0.0,0.0,0.0,0.0,0.0,0.0,0.0,0.0
14/9/1 13:00,0.0,0.0,0.0,0.0,0.0,0.0,0.0,0.0,0.0
14/9/1 14:00,0.0,0.0,0.0,0.0,0.0,0.0,0.0,0.0,0.0
14/9/2 10:00,0.0,0.0,0.0,0.0,0.0,0.0,0.0,0.0,0.0
14/9/2 11:00,0.0,0.0,0.0,0.0,0.0,0.0,0.0,0.0,0.0
14/9/2 13:00,0.0,0.0,0.0,0.0,0.0,0.0,0.0,0.0,0.0
14/9/2 14:00,0.0,0.0,0.0,0.0,0.0,0.0,0.0,0.0,0.0
14/9/3 10:00,0.0,0.0,0.0,0.0,0.0,0.0,0.0,0.0,0.0
14/9/3 11:00,0.0,0.0,0.0,0.0,0.0,0.0,0.0,0.0,0.0
14/9/3 13:00,0.0,0.0,0.0,0.0,0.0,0.0,0.0,0.0,0.0
14/9/3 14:00,0.0,0.0,0.0,0.0,0.0,0.0,0.0,0.0,0.0
14/9/4 10:00,0.0,0.0,0.0,0.0,0.0,0.0,0.0,0.0,0.0
14/9/4 11:00,0.0,0.0,0.0,0.0,0.0,0.0,0.0,0.0,0.0
14/9/4 13:00,0.0,0.0,0.0,0.0,0.0,0.0,0.0,0.0,0.0
14/9/4 14:00,0.0,0.0,0.0,0.0,0.0,0.0,0.0,0.0,0.0
14/9/5 10:00,0.0,0.0,0.0,0.0,0.0,0.0,0.0,0.0,0.0
14/9/5 11:00,0.0,0.0,0.0,0.0,0.0,0.0,0.0,0.0,0.0
14/9/5 13:00,0.0,0.0,0.0,0.0,0.0,0.0,0.0,0.0,0.0
14/9/5 14:00,0.0,0.0,0.0,0.0,0.0,0.0,0.0,0.0,0.0
14/9/9 10:00,0.0,0.0,0.0,0.0,0.0,0.0,0.0,0.0,0.0
14/9/9 11:00,0.0,0.0,0.0,0.0,0.0,0.0,0.0,0.0,0.0
14/9/9 13:00,0.0,0.0,0.0,0.0,0.0,0.0,0.0,0.0,0.0
14/9/9 14:00,0.0,0.0,0.0,0.0,0.0,0.0,0.0,0.0,0.0
14/9/10 10:00,0.0,0.0,0.0,0.0,0.0,0.0,0.0,0.0,0.0
14/9/10 11:00,0.0,0.0,0.0,0.0,0.0,0.0,0.0,0.0,0.0
14/9/10 13:00,0.0,0.0,0.0,0.0,0.0,0.0,0.0,0.0,0.0
14/9/10 14:00,0.0,0.0,0.0,0.0,0.0,0.0,0.0,0.0,0.0
14/9/11 10:00,0.0,0.0,0.0,0.0,0.0,0.0,0.0,0.0,0.0
14/9/11 11:00,0.0,0.0,0.0,0.0,0.0,0.0,0.0,0.0,0.0
14/9/11 13:00,0.0,0.0,0.0,0.0,0.0,0.0,0.0,0.0,0.0
14/9/11 14:00,0.0,0.0,0.0,0.0,0.0,0.0,0.0,0.0,0.0
14/9/12 10:00,0.0,0.0,0.0,0.0,0.0,0.0,0.0,0.0,0.0
14/9/12 11:00,0.0,0.0,0.0,0.0,0.0,0.0,0.0,0.0,0.0
14/9/12 13:00,0.0,0.0,0.0,0.0,0.0,0.0,0.0,0.0,0.0
14/9/12 14:00,0.0,0.0,0.0,0.0,0.0,0.0,0.0,0.0,0.0
14/9/15 10:00,0.0,0.0,0.0,0.0,0.0,0.0,0.0,0.0,0.0
14/9/15 11:00,0.0,0.0,0.0,0.0,0.0,0.0,0.0,0.0,0.0
14/9/15 13:00,0.0,0.0,0.0,0.0,0.0,0.0,0.0,0.0,0.0
14/9/15 14:00,0.0,0.0,0.0,0.0,0.0,0.0,0.0,0.0,0.0
14/9/16 10:00,0.0,0.0,0.0,0.0,0.0,0.0,0.0,0.0,0.0
14/9/16 11:00,0.0,0.0,0.0,0.0,0.0,0.0,0.0,0.0,0.0
14/9/16 13:00,0.0,0.0,0.0,0.0,0.0,0.0,0.0,0.0,0.0
14/9/16 14:00,0.0,0.0,0.0,0.0,0.0,0.0,0.0,0.0,0.0
14/9/17 10:00,0.0,0.0,0.0,0.0,0.0,0.0,0.0,0.0,0.0
14/9/17 11:00,0.0,0.0,0.0,0.0,0.0,0.0,0.0,0.0,0.0
14/9/17 13:00,0.0,0.0,0.0,0.0,0.0,0.0,0.0,0.0,0.0
14/9/17 14:00,0.0,0.0,0.0,0.0,0.0,0.0,0.0,0.0,0.0
14/9/18 10:00,0.0,0.0,0.0,0.0,0.0,0.0,0.0,0.0,0.0
14/9/18 11:00,0.0,0.0,0.0,0.0,0.0,0.0,0.0,0.0,0.0
14/9/18 13:00,0.0,0.0,0.0,0.0,0.0,0.0,0.0,0.0,0.0
14/9/18 14:00,0.0,0.0,0.0,0.0,0.0,0.0,0.0,0.0,0.0
14/9/19 10:00,0.0,0.0,0.0,0.0,0.0,0.0,0.0,0.0,0.0
14/9/19 11:00,0.0,0.0,0.0,0.0,0.0,0.0,0.0,0.0,0.0
14/9/19 13:00,0.0,0.0,0.0,0.0,0.0,0.0,0.0,0.0,0.0
14/9/19 14:00,0.0,0.0,0.0,0.0,0.0,0.0,0.0,0.0,0.0
14/9/22 10:00,0.0,0.0,0.0,0.0,0.0,0.0,0.0,0.0,0.0
14/9/22 11:00,0.0,0.0,0.0,0.0,0.0,0.0,0.0,0.0,0.0
14/9/22 13:00,0.0,0.0,0.0,0.0,0.0,0.0,0.0,0.0,0.0
14/9/22 14:00,0.0,0.0,0.0,0.0,0.0,0.0,0.0,0.0,0.0
14/9/23 10:00,0.0,0.0,0.0,0.0,0.0,0.0,0.0,0.0,0.0
14/9/23 11:00,0.0,0.0,0.0,0.0,0.0,0.0,0.0,0.0,0.0
14/9/23 13:00,0.0,0.0,0.0,0.0,0.0,0.0,0.0,0.0,0.0
14/9/23 14:00,0.0,0.0,0.0,0.0,0.0,0.0,0.0,0.0,0.0
14/9/24 10:00,0.0,0.0,0.0,0.0,0.0,0.0,0.0,0.0,0.0
14/9/24 11:00,0.0,0.0,0.0,0.0,0.0,0.0,0.0,0.0,0.0
14/9/24 13:00,0.0,0.0,0.0,0.0,0.0,0.0,0.0,0.0,0.0
14/9/24 14:00,0.0,0.0,0.0,0.0,0.0,0.0,0.0,0.0,0.0
14/9/25 10:00,0.0,0.0,0.0,0.0,0.0,0.0,0.0,0.0,0.0
14/9/25 11:00,0.0,0.0,0.0,0.0,0.0,0.0,0.0,0.0,0.0
14/9/25 13:00,0.0,0.0,0.0,0.0,0.0,0.0,0.0,0.0,0.0
14/9/25 14:00,0.0,0.0,0.0,0.0,0.0,0.0,0.0,0.0,0.0
14/9/26 10:00,0.0,0.0,0.0,0.0,0.0,0.0,0.0,0.0,0.0
14/9/26 11:00,0.0,0.0,0.0,0.0,0.0,0.0,0.0,0.0,0.0
14/9/26 13:00,0.0,0.0,0.0,0.0,0.0,0.0,0.0,0.0,0.0
14/9/26 14:00,0.0,0.0,0.0,0.0,0.0,0.0,0.0,0.0,0.0
14/9/29 10:00,0.0,0.0,0.0,0.0,0.0,0.0,0.0,0.0,0.0
14/9/29 11:00,0.0,0.0,0.0,0.0,0.0,0.0,0.0,0.0,0.0
14/9/29 13:00,0.0,0.0,0.0,0.0,0.0,0.0,0.0,0.0,0.0
14/9/29 14:00,0.0,0.0,0.0,0.0,0.0,0.0,0.0,0.0,0.0
14/9/30 10:00,0.0,0.0,0.0,0.0,0.0,0.0,0.0,0.0,0.0
14/9/30 11:00,0.0,0.0,0.0,0.0,0.0,0.0,0.0,0.0,0.0
14/9/30 13:00,0.0,0.0,0.0,0.0,0.0,0.0,0.0,0.0,0.0
14/9/30 14:00,0.0,0.0,0.0,0.0,0.0,0.0,0.0,0.0,0.0
14/10/8 10:00,0.0,0.0,0.0,0.0,0.0,0.0,0.0,0.0,0.0
14/10/8 11:00,0.0,0.0,0.0,0.0,0.0,0.0,0.0,0.0,0.0
14/10/8 13:00,0.0,0.0,0.0,0.0,0.0,0.0,0.0,0.0,0.0
14/10/8 14:00,0.0,0.0,0.0,0.0,0.0,0.0,0.0,0.0,0.0
14/10/9 10:00,0.0,0.0,0.0,0.0,0.0,0.0,0.0,0.0,0.0
14/10/9 11:00,0.0,0.0,0.0,0.0,0.0,0.0,0.0,0.0,0.0
14/10/9 13:00,0.0,0.0,0.0,0.0,0.0,0.0,0.0,0.0,0.0
14/10/9 14:00,0.0,0.0,0.0,0.0,0.0,0.0,0.0,0.0,0.0
14/10/10 10:00,0.0,0.0,0.0,0.0,0.0,0.0,0.0,0.0,0.0
14/10/10 11:00,0.0,0.0,0.0,0.0,0.0,0.0,0.0,0.0,0.0
14/10/10 13:00,0.0,0.0,0.0,0.0,0.0,0.0,0.0,0.0,0.0
14/10/10 14:00,0.0,0.0,0.0,0.0,0.0,0.0,0.0,0.0,0.0
14/10/13 10:00,0.0,0.0,0.0,0.0,0.0,0.0,0.0,0.0,0.0
14/10/13 11:00,0.0,0.0,0.0,0.0,0.0,0.0,0.0,0.0,0.0
14/10/13 13:00,0.0,0.0,0.0,0.0,0.0,0.0,0.0,0.0,0.0
14/10/13 14:00,0.0,0.0,0.0,0.0,0.0,0.0,0.0,0.0,0.0
14/10/14 10:00,0.0,0.0,0.0,0.0,0.0,0.0,0.0,0.0,0.0
14/10/14 11:00,0.0,0.0,0.0,0.0,0.0,0.0,0.0,0.0,0.0
14/10/14 13:00,0.0,0.0,0.0,0.0,0.0,0.0,0.0,0.0,0.0
14/10/14 14:00,0.0,0.0,0.0,0.0,0.0,0.0,0.0,0.0,0.0
14/10/15 10:00,0.0,0.0,0.0,0.0,0.0,0.0,0.0,0.0,0.0
14/10/15 11:00,0.0,0.0,0.0,0.0,0.0,0.0,0.0,0.0,0.0
14/10/15 13:00,0.0,0.0,0.0,0.0,0.0,0.0,0.0,0.0,0.0
14/10/15 14:00,0.0,0.0,0.0,0.0,0.0,0.0,0.0,0.0,0.0
14/10/16 10:00,0.0,0.0,0.0,0.0,0.0,0.0,0.0,0.0,0.0
14/10/16 11:00,0.0,0.0,0.0,0.0,0.0,0.0,0.0,0.0,0.0
14/10/16 13:00,0.0,0.0,0.0,0.0,0.0,0.0,0.0,0.0,0.0
14/10/16 14:00,0.0,0.0,0.0,0.0,0.0,0.0,0.0,0.0,0.0
14/10/17 10:00,0.0,0.0,0.0,0.0,0.0,0.0,0.0,0.0,0.0
14/10/17 11:00,0.0,0.0,0.0,0.0,0.0,0.0,0.0,0.0,0.0
14/10/17 13:00,0.0,0.0,0.0,0.0,0.0,0.0,0.0,0.0,0.0
14/10/17 14:00,0.0,0.0,0.0,0.0,0.0,0.0,0.0,0.0,0.0
14/10/20 10:00,0.0,0.0,0.0,0.0,0.0,0.0,0.0,0.0,0.0
14/10/20 11:00,0.0,0.0,0.0,0.0,0.0,0.0,0.0,0.0,0.0
14/10/20 13:00,0.0,0.0,0.0,0.0,0.0,0.0,0.0,0.0,0.0
14/10/20 14:00,0.0,0.0,0.0,0.0,0.0,0.0,0.0,0.0,0.0
14/10/21 10:00,0.0,0.0,0.0,0.0,0.0,0.0,0.0,0.0,0.0
14/10/21 11:00,0.0,0.0,0.0,0.0,0.0,0.0,0.0,0.0,0.0
14/10/21 13:00,0.0,0.0,0.0,0.0,0.0,0.0,0.0,0.0,0.0
14/10/21 14:00,0.0,0.0,0.0,0.0,0.0,0.0,0.0,0.0,0.0
14/10/22 10:00,0.0,0.0,0.0,0.0,0.0,0.0,0.0,0.0,0.0
14/10/22 11:00,0.0,0.0,0.0,0.0,0.0,0.0,0.0,0.0,0.0
14/10/22 13:00,0.0,0.0,0.0,0.0,0.0,0.0,0.0,0.0,0.0
14/10/22 14:00,0.0,0.0,0.0,0.0,0.0,0.0,0.0,0.0,0.0
14/10/23 10:00,0.0,0.0,0.0,0.0,0.0,0.0,0.0,0.0,0.0
14/10/23 11:00,0.0,0.0,0.0,0.0,0.0,0.0,0.0,0.0,0.0
14/10/23 13:00,0.0,0.0,0.0,0.0,0.0,0.0,0.0,0.0,0.0
14/10/23 14:00,0.0,0.0,0.0,0.0,0.0,0.0,0.0,0.0,0.0
14/10/24 10:00,0.0,0.0,0.0,0.0,0.0,0.0,0.0,0.0,0.0
14/10/24 11:00,0.0,0.0,0.0,0.0,0.0,0.0,0.0,0.0,0.0
14/10/24 13:00,0.0,0.0,0.0,0.0,0.0,0.0,0.0,0.0,0.0
14/10/24 14:00,0.0,0.0,0.0,0.0,0.0,0.0,0.0,0.0,0.0
14/10/27 10:00,0.0,0.0,0.0,0.0,0.0,0.0,0.0,0.0,0.0
14/10/27 11:00,0.0,0.0,0.0,0.0,0.0,0.0,0.0,0.0,0.0
14/10/27 13:00,0.0,0.0,0.0,0.0,0.0,0.0,0.0,0.0,0.0
14/10/27 14:00,0.0,0.0,0.0,0.0,0.0,0.0,0.0,0.0,0.0
14/10/28 10:00,0.0,0.0,0.0,0.0,0.0,0.0,0.0,0.0,0.0
14/10/28 11:00,0.0,0.0,0.0,0.0,0.0,0.0,0.0,0.0,0.0
14/10/28 13:00,0.0,0.0,0.0,0.0,0.0,0.0,0.0,0.0,0.0
14/10/28 14:00,0.0,0.0,0.0,0.0,0.0,0.0,0.0,0.0,0.0
14/10/29 10:00,0.0,0.0,0.0,0.0,0.0,0.0,0.0,0.0,0.0
14/10/29 11:00,0.0,0.0,0.0,0.0,0.0,0.0,0.0,0.0,0.0
14/10/29 13:00,0.0,0.0,0.0,0.0,0.0,0.0,0.0,0.0,0.0
14/10/29 14:00,0.0,0.0,0.0,0.0,0.0,0.0,0.0,0.0,0.0
14/10/30 10:00,0.0,0.0,0.0,0.0,0.0,0.0,0.0,0.0,0.0
14/10/30 11:00,0.0,0.0,0.0,0.0,0.0,0.0,0.0,0.0,0.0
14/10/30 13:00,0.0,0.0,0.0,0.0,0.0,0.0,0.0,0.0,0.0
14/10/30 14:00,0.0,0.0,0.0,0.0,0.0,0.0,0.0,0.0,0.0
14/10/31 10:00,0.0,0.0,0.0,0.0,0.0,0.0,0.0,0.0,0.0
14/10/31 11:00,0.0,0.0,0.0,0.0,0.0,0.0,0.0,0.0,0.0
14/10/31 13:00,0.0,0.0,0.0,0.0,0.0,0.0,0.0,0.0,0.0
14/10/31 14:00,0.0,0.0,0.0,0.0,0.0,0.0,0.0,0.0,0.0
14/11/3 10:00,0.0,0.0,0.0,0.0,0.0,0.0,0.0,0.0,0.0
14/11/3 11:00,0.0,0.0,0.0,0.0,0.0,0.0,0.0,0.0,0.0
14/11/3 13:00,0.0,0.0,0.0,0.0,0.0,0.0,0.0,0.0,0.0
14/11/3 14:00,0.0,0.0,0.0,0.0,0.0,0.0,0.0,0.0,0.0
14/11/4 10:00,0.0,0.0,0.0,0.0,0.0,0.0,0.0,0.0,0.0
14/11/4 11:00,0.0,0.0,0.0,0.0,0.0,0.0,0.0,0.0,0.0
14/11/4 13:00,0.0,0.0,0.0,0.0,0.0,0.0,0.0,0.0,0.0
14/11/4 14:00,0.0,0.0,0.0,0.0,0.0,0.0,0.0,0.0,0.0
14/11/5 10:00,0.0,0.0,0.0,0.0,0.0,0.0,0.0,0.0,0.0
14/11/5 11:00,0.0,0.0,0.0,0.0,0.0,0.0,0.0,0.0,0.0
14/11/5 13:00,0.0,0.0,0.0,0.0,0.0,0.0,0.0,0.0,0.0
14/11/5 14:00,0.0,0.0,0.0,0.0,0.0,0.0,0.0,0.0,0.0
14/11/6 10:00,0.0175544922946,0.982445507705,7.26391852033e-23,0.179065820206,0.811745133571,0.00918904622388,0.484605735862,0.153138240745,0.362256023393
14/11/6 11:00,0.0186093915612,0.981390608439,1.07584913759e-22,0.178991987209,0.811836993556,0.00917101923522,0.484160677994,0.153467281636,0.36237204037
14/11/6 13:00,0.0178773287156,0.982122671284,4.97399618895e-22,0.177036772665,0.813798831159,0.00916439617595,0.463928614954,0.1732310265,0.362840358546
14/11/6 14:00,0.0170609195862,0.982939080414,3.95024695095e-22,0.176860880131,0.814012146495,0.00912697337341,0.461315281751,0.175268926847,0.363415791402
14/11/7 10:00,0.0160441015359,0.983955898464,1.77059204668e-22,0.175094505546,0.815747149076,0.00915834537844,0.46373625507,0.17426557649,0.36199816844
14/11/7 11:00,0.0147035652522,0.985296434748,1.01076033483e-22,0.172796834076,0.818013778682,0.00918938724214,0.462525546273,0.176800949492,0.360673504236
14/11/7 13:00,0.0154055521649,0.984594447835,6.61788898021e-23,0.17363726628,0.817219557549,0.00914317617097,0.470609273311,0.168366830629,0.36102389606
14/11/7 14:00,0.0133041131849,0.986695886815,1.2832326812e-23,0.172193148134,0.818693337342,0.00911351452457,0.476346175431,0.162743815215,0.360910009354
14/11/10 10:00,0.0130794576609,0.986920542339,7.20537242324e-23,0.170039655864,0.820863819991,0.00909652414496,0.455852230876,0.182875507717,0.361272261408
14/11/10 11:00,0.0121763353913,0.987823664609,5.48590594182e-23,0.16824213295,0.822602740339,0.00915512671113,0.457394734196,0.183242483736,0.359362782068
14/11/10 13:00,0.0123860924166,0.987613907583,4.07765478538e-23,0.167359125455,0.823465814693,0.00917505985249,0.459818173717,0.181830047435,0.358351778849
14/11/10 14:00,0.012627283153,0.987372716847,3.94542149386e-23,0.167289572118,0.823580114717,0.00913031316486,0.458086001184,0.182882510884,0.359031487932
14/11/11 10:00,0.0124244926914,0.987575507309,2.85523173338e-23,0.165805906824,0.82501590336,0.00917818981606,0.458939552321,0.183623899507,0.357436548172
14/11/11 11:00,0.0154875003291,0.984512499671,1.89586813661e-21,0.159892546502,0.828643528718,0.0114639247796,0.39996151332,0.263971662979,0.3360668237
14/11/11 13:00,0.0247521991826,0.975247800817,7.98030384486e-18,0.149631210148,0.838795621057,0.0115731687944,0.125490628858,0.553500845879,0.321008525263
14/11/11 14:00,0.0245154691081,0.975484530892,5.52130196119e-18,0.148051428674,0.84022619177,0.0117223795564,0.136825922401,0.546207525426,0.316966552172
14/11/12 10:00,0.00302598735454,0.996974012645,7.50729059968e-21,0.121602953614,0.865688795734,0.0127082506523,0.0688612022955,0.63209932314,0.299039474564
14/11/12 11:00,0.00172059617985,0.99827940382,6.21901516044e-20,0.120212799093,0.866797058728,0.0129901421791,0.0772954360284,0.628797096591,0.293907467381
14/11/12 13:00,0.0019158264524,0.998084173548,2.86936328165e-20,0.120001787052,0.866998253751,0.0129999591979,0.0783537825696,0.628185299999,0.293460917432
14/11/12 14:00,0.00175997627063,0.998240023729,9.64211725597e-21,0.120275821542,0.866830254021,0.0128939244365,0.076125784657,0.628856558728,0.295017656615
14/11/13 10:00,0.00151549984379,0.998484500156,8.99445473153e-21,0.118197572676,0.868872540089,0.0129298872348,0.0737165360923,0.632300496472,0.293982967436
14/11/13 11:00,0.00152229776257,0.998477702237,2.300500513e-20,0.115653491514,0.871260601957,0.0130859065293,0.0731419143516,0.636498613498,0.290359472151
14/11/13 13:00,0.00144625739804,0.998553742602,2.03743595482e-20,0.115419271842,0.871594448538,0.0129862796208,0.0686832532815,0.639690991743,0.291625754975
14/11/13 14:00,0.001503654469,0.998496345531,2.24887003251e-20,0.115783532925,0.871251379375,0.0129650877,0.0719668755217,0.63640461754,0.291628506939
14/11/14 10:00,0.00162739862275,0.998372601377,3.46290794933e-20,0.114456447069,0.872459727822,0.0130838251093,0.0741606202239,0.636717290659,0.289122089117
14/11/14 11:00,0.00217340020541,0.997826599795,8.8087956947e-20,0.127020639304,0.860297361832,0.0126819988632,0.0969107799589,0.607317029733,0.295772190308
14/11/14 13:00,0.00124936239604,0.998750637604,3.70631779893e-20,0.13024389801,0.857320543575,0.012435558415,0.104778396561,0.595368589217,0.299853014222
14/11/14 14:00,0.00115663865479,0.998843361345,5.98658600174e-20,0.12799815563,0.85950165025,0.0125001941197,0.10315342227,0.598729093673,0.298117484056
14/11/17 10:00,0.00110747602609,0.998892523974,6.26312691577e-20,0.128071471799,0.859574771111,0.0123537570905,0.0982577679547,0.601585955744,0.300156276302
14/11/17 11:00,0.00117556516611,0.998824434834,9.64800744192e-20,0.126950891231,0.860583737674,0.0124653710951,0.101427615663,0.600903946324,0.297668438013
14/11/17 13:00,0.00127082577567,0.998729174224,1.44645920193e-19,0.125558414231,0.861863649188,0.0125779365817,0.103335124186,0.601501936516,0.295162939297
14/11/17 14:00,0.00137194673423,0.998628053266,2.19057718714e-19,0.124229487176,0.863086270315,0.0126842425082,0.105275743908,0.601937235158,0.292787020934
14/11/18 10:00,0.00139972452477,0.998600275475,9.8180338457e-19,0.123306495909,0.864032411066,0.0126610930259,0.0989846086714,0.608126397103,0.292888994226
14/11/18 11:00,0.00538244876938,0.994617551231,7.89560196942e-22,0.130033265882,0.857389348294,0.0125773858242,0.0927745300119,0.611790935264,0.295434534724
14/11/18 13:00,0.00322761624499,0.996772383755,9.41422971676e-23,0.132275191354,0.855408817454,0.0123159911918,0.0945599551975,0.605521721613,0.299918323189
14/11/18 14:00,0.00361084836984,0.99638915163,5.22545383497e-23,0.132171169621,0.855527966682,0.0123008636965,0.0953733782312,0.604738225205,0.299888396564
14/11/19 10:00,0.00346162355505,0.996538376445,4.71136625293e-23,0.131926311383,0.855824588167,0.0122491004498,0.092800663497,0.606601711956,0.300597624547
14/11/19 11:00,0.00339924359086,0.996600756409,2.65696474421e-23,0.132507218871,0.855332406171,0.0121603749585,0.0936918445166,0.604405673122,0.301902482361
14/11/19 13:00,0.00313136886375,0.996868631136,2.82446512512e-23,0.131804489545,0.856089338676,0.0121061717794,0.0875603364093,0.609746015352,0.302693648239
14/11/19 14:00,0.00322161800622,0.996778381994,4.16315168359e-23,0.130750806762,0.857031056311,0.0122181369275,0.0907850240205,0.60903975712,0.30017521886
14/11/20 10:00,0.00340486880967,0.99659513119,3.21027783825e-23,0.131115078392,0.856713775347,0.0121711462602,0.0930529861817,0.606293286351,0.300653727468
14/11/20 11:00,0.00334871829508,0.996651281705,2.24708931302e-22,0.130178794945,0.857665228378,0.0121559766768,0.0858485115579,0.613434647205,0.300716841238
14/11/20 13:00,0.00330374915647,0.996696250844,3.16249339135e-22,0.130987758331,0.856890410717,0.0121218309527,0.0913877469244,0.607689320698,0.300922932377
14/11/20 14:00,0.00340944335127,0.996590556649,1.60504331361e-22,0.131398152458,0.856540726038,0.0120611215044,0.0930341661555,0.605276309888,0.301689523957
14/11/21 10:00,0.00356768880202,0.996432311198,1.20637088037e-22,0.13154921275,0.856405044075,0.0120457431748,0.095704035832,0.602694576714,0.301601387454
14/11/21 11:00,0.00344599130196,0.996554008698,1.10633494241e-22,0.131284265971,0.856719073455,0.0119966605746,0.0931537849622,0.604561029315,0.302285185723
14/11/21 13:00,0.00355050403043,0.99644949597,8.78005158468e-23,0.131669486113,0.856367260882,0.011963253005,0.0961751061279,0.601287475375,0.302537418497
14/11/21 14:00,0.00263884138204,0.997361158618,1.03876025486e-25,0.145219744834,0.843183095696,0.0115971594696,0.116333836011,0.565217067953,0.318449096036
14/11/24 10:00,0.002993083743,0.997006916257,2.89228337444e-24,0.149772705325,0.839630560385,0.0105967342904,0.0856354625063,0.583796836024,0.330567701469
14/11/24 11:00,0.00737602641641,0.992623973584,1.10566307134e-16,0.163500359821,0.826154396418,0.0103452437613,0.173328113491,0.461217231623,0.365454654886
14/11/24 13:00,0.00353125223688,0.996468747763,5.14437413552e-22,0.183102232315,0.806935637686,0.00996212999934,0.569538126444,0.0307957644094,0.399666109147
14/11/24 14:00,0.00110505314631,0.998894946854,2.43717739e-28,0.182152372175,0.807097771396,0.0107498564283,0.61755304409,0.0411297706283,0.341317185282
14/11/25 10:00,0.00125866308067,0.998741336919,1.22316009827e-28,0.182884751855,0.806602335718,0.0105129124269,0.63953734116,0.0286463033178,0.331816355522
14/11/25 11:00,0.00109953959667,0.998900460403,3.59473396996e-29,0.181580578422,0.807932902233,0.0104865193451,0.638275536705,0.029745804998,0.331978658297
14/11/25 13:00,0.001226972769,0.998773027231,7.20106032559e-29,0.181833711067,0.807707449711,0.0104588392217,0.639320642652,0.0287769010035,0.331902456344
14/11/25 14:00,0.00133774793987,0.99866225206,9.11736416713e-29,0.181604646101,0.807939206873,0.0104561470257,0.640355927814,0.0279871080834,0.331656964103
14/11/26 10:00,0.00145639390981,0.99854360609,1.30185674782e-28,0.181529921219,0.80802028867,0.0104497901108,0.64153948337,0.0270090030226,0.331451513607
14/11/26 11:00,0.00156796957916,0.998432030421,2.7455687042e-30,0.184359343394,0.804188059979,0.0114525966272,0.652668530528,0.0271470265058,0.320184442967
14/11/26 13:00,0.000492372218421,0.999507627782,6.01956245728e-42,0.186630815956,0.802776216027,0.0105929680165,0.612581563159,0.0632603353849,0.324158101456
14/11/26 14:00,0.000498752340919,0.999501247659,1.96460321662e-41,0.186000631209,0.803436995735,0.0105623730568,0.619630691088,0.0580400135673,0.322329295345
14/11/27 10:00,0.000445859109079,0.999554140891,7.64148341566e-42,0.18534800228,0.804113831579,0.0105381661401,0.617252433272,0.0600596843086,0.322687882419
14/11/27 11:00,0.000336808815014,0.999663191185,1.7146812019e-45,0.186741679376,0.801751074886,0.0115072457378,0.619102240693,0.0684128573568,0.31248490195
14/11/27 13:00,0.0164583531781,0.983541646822,4.59143447021e-15,0.158537383344,0.824933005772,0.0165296108841,0.0359782611119,0.649140597752,0.314881141136
14/11/27 14:00,0.017123461842,0.982876538158,4.29701259593e-15,0.158162496255,0.825327758745,0.0165097450006,0.0389189713781,0.646916919282,0.314164109339
14/11/28 10:00,0.0175444581805,0.98245554182,3.02678583938e-15,0.158059919164,0.825446323395,0.0164937574411,0.0395888443182,0.646382358931,0.31402879675
14/11/28 11:00,0.0183012448044,0.981698755196,2.79218706486e-15,0.157592087643,0.825871686942,0.0165362254142,0.0394598050828,0.64721042858,0.313329766337
14/11/28 13:00,0.0184108572554,0.981589142745,1.6866137058e-15,0.156345495339,0.827053440938,0.0166010637234,0.0371713497391,0.650751363317,0.312077286944
14/11/28 14:00,0.0172121992894,0.982787800711,5.20666735389e-15,0.16069516079,0.823166756104,0.0161380831066,0.0547648764997,0.627209773051,0.318025350449
14/12/1 10:00,0.0163756145204,0.98362438548,5.40353984435e-15,0.162218361926,0.822072768062,0.015708870012,0.0530665870523,0.626231863818,0.32070154913
14/12/1 11:00,0.0368990579572,0.791825613668,0.171275328375,0.284051100896,0.486320824879,0.229628074224,0.395592641131,0.335365713623,0.269041645246
14/12/1 13:00,0.0358490899184,0.790305568958,0.173845341124,0.285020448218,0.483933717878,0.231045833904,0.405073018079,0.331813206272,0.263113775649
14/12/1 14:00,0.0286447013115,0.796464765635,0.174890533053,0.288659717754,0.485918947616,0.22542133463,0.407926122097,0.334788456874,0.257285421029
14/12/2 10:00,0.0284098189835,0.800110763075,0.171479417941,0.289035364284,0.478157910561,0.232806725155,0.405384079284,0.322959291512,0.271656629203
14/12/2 11:00,0.0284026095719,0.800627869962,0.170969520466,0.295195266055,0.474664327927,0.230140406017,0.398952154444,0.338358962944,0.262688882613
14/12/2 13:00,0.029641144256,0.797147260445,0.173211595299,0.291990176372,0.478119574213,0.229890249415,0.399484999258,0.339137227679,0.261377773063
14/12/2 14:00,0.0276862236687,0.803004110916,0.169309665416,0.289551098302,0.481132889438,0.22931601226,0.397518199473,0.342383654471,0.260098146056
14/12/3 10:00,0.0367194970394,0.803246565649,0.160033937312,0.293101262995,0.474139092221,0.232759644785,0.394661751545,0.329283932778,0.276054315676
14/12/3 11:00,0.0574055195997,0.807719393267,0.134875087133,0.320727838212,0.47858754374,0.200684618048,0.396744959249,0.320420250977,0.282834789775
14/12/3 13:00,0.0599556763322,0.815078733274,0.124965590394,0.31970840087,0.481518860156,0.198772738973,0.380567088503,0.300150694877,0.31928221662
14/12/3 14:00,0.00406339115061,0.995936607738,1.11187171099e-09,0.182764834101,0.805542798898,0.0116923670014,0.205803066967,0.0113472285036,0.78284970453
14/12/4 10:00,8.50864123655e-05,0.999914913588,1.14456666468e-14,0.168106896371,0.818908582774,0.0129845208552,0.272464442125,0.00812997990627,0.719405577969
14/12/4 11:00,0.00344888158437,0.996551118415,6.83374534396e-13,0.18434241424,0.804408982608,0.0112486031512,0.137421178821,0.0451102711143,0.817468550065
14/12/4 13:00,0.0202338903148,0.979766043801,6.58840877163e-08,0.182776913932,0.804768436363,0.0124546497052,0.00293139909329,0.191911185988,0.805157414919
14/12/4 14:00,0.0290321698286,0.97096780342,2.67511746552e-08,0.183109574283,0.805936156321,0.0109542693959,0.0105646855716,0.141642240235,0.847793074193
14/12/5 10:00,0.0258368347813,0.974163155537,9.68168555002e-09,0.182537350105,0.806682767321,0.0107798825744,0.0316138123931,0.11517264355,0.853213544057
14/12/5 11:00,0.0165668377028,0.98343316098,1.31763257654e-09,0.187428001603,0.803225976391,0.00934602200514,0.124937306748,0.0146207546209,0.860441938631
14/12/5 13:00,0.0278462141627,0.97215365637,1.29467202037e-07,0.186311216787,0.804523612962,0.00916517025108,0.137788982905,0.000511565085954,0.861699452009
14/12/5 14:00,0.0431849617998,0.956814483575,5.54625285809e-07,0.185400243026,0.805873277653,0.0087264793204,0.126281280444,0.00043101115545,0.873287708401
14/12/8 10:00,0.0515729433761,0.948425971759,1.08486474509e-06,0.185487600857,0.806349896321,0.00816250282231,0.110582999478,0.00210508603767,0.887311914484
14/12/8 11:00,0.0505638324926,0.949435422552,7.44955607389e-07,0.183816798665,0.807500949466,0.00868225186886,0.0453006211901,0.0743386903068,0.880360688503
14/12/8 13:00,0.0643468671494,0.935651510921,1.62192910786e-06,0.183802964262,0.808468381922,0.00772865381626,0.0967703015156,0.00336786250825,0.899861835976
14/12/8 14:00,0.0552435750055,0.944756034615,3.90379629989e-07,0.184536362753,0.807414134958,0.00804950228978,0.0981757094122,0.00684964042889,0.894974650159
14/12/9 10:00,0.0753307533552,0.924666978449,2.26819613794e-06,0.182498258018,0.810189643233,0.0073120987488,0.0838443796152,0.00453489424623,0.911620726139
14/12/9 11:00,0.0590405689345,0.940959239079,1.91986425723e-07,0.183091758157,0.808954650853,0.00795359098994,0.0652335973225,0.0324086086378,0.90235779404
14/12/9 13:00,0.0905322225667,0.909463513395,4.26403872502e-06,0.180145185487,0.81315545244,0.00669936207264,0.067103907054,0.00828988463708,0.924606208309
14/12/9 14:00,0.0955865517961,0.904405292397,8.15580737491e-06,0.180329739042,0.813137735566,0.0065325253925,0.0669833348101,0.00494361783234,0.928073047358
14/12/10 10:00,0.129490917572,0.870443145469,6.59369585036e-05,0.175827573308,0.81907613887,0.00509628782144,0.0517188183578,0.00156015420153,0.946721027441
14/12/10 11:00,0.251003106415,0.741698148744,0.00729874484078,0.16433927608,0.835536749957,0.000123973962982,8.56155714546e-17,9.20146263549e-23,1.0
14/12/10 13:00,0.251097616909,0.741591580428,0.00731080266271,0.163986689467,0.835889076042,0.000124234490807,2.40254092474e-14,1.51675858792e-21,1.0
14/12/10 14:00,0.250852128236,0.741980717326,0.0071671544377,0.163716500443,0.836124745405,0.000158754151653,7.85141825058e-12,6.01108836495e-19,0.999999999992
14/12/11 10:00,0.249778314493,0.743113806716,0.00710787879153,0.163256509129,0.836566145002,0.000177345869589,2.03385984815e-11,4.20133744243e-17,0.99999999998
14/12/11 11:00,0.250206335672,0.742997601068,0.00679606325938,0.163303953522,0.836451694904,0.000244351573545,2.74850657113e-13,5.1054823469e-18,1.0
14/12/11 13:00,0.250003416781,0.74312321625,0.00687336696869,0.163272528089,0.836499350352,0.000228121559049,2.12575493784e-12,3.25027899526e-18,0.999999999998
14/12/11 14:00,0.250084726063,0.743130815773,0.00678445816359,0.163217841217,0.836534130805,0.000248027977596,3.80083858777e-11,2.57782682154e-17,0.999999999962
14/12/12 10:00,0.248288220523,0.744707942037,0.00700383743967,0.164205406197,0.835596576251,0.000198017551339,6.57785418019e-05,9.71970562264e-12,0.999934221448
14/12/12 11:00,0.239736284787,0.751839511852,0.00842420336119,0.165244410123,0.834671400341,8.41895354945e-05,0.00757673142998,1.34510569691e-11,0.992423268557
14/12/12 13:00,0.180892899392,0.804038928029,0.015068172579,0.167417190778,0.832362458498,0.000220350723712,0.0500253566517,3.34771572901e-10,0.949974643014
14/12/12 14:00,0.249306637629,0.743433900881,0.00725946148986,0.165493264739,0.834356855414,0.000149879847355,0.000751048042112,2.19076007926e-12,0.999248951956
14/12/15 10:00,0.248127928757,0.746225503841,0.00564656740133,0.163410380407,0.836090450043,0.000499169550616,1.1118845492e-05,3.24689342349e-11,0.999988881122
14/12/15 11:00,0.248901084545,0.745658778849,0.00544013660564,0.162518860907,0.836933510743,0.000547628349866,5.90856051814e-09,5.44760455279e-14,0.999999994091
14/12/15 13:00,0.248964474873,0.745564654241,0.00547087088575,0.162653969842,0.836805692553,0.000540337604891,7.35578986922e-08,4.06919207179e-13,0.999999926442
14/12/15 14:00,0.248185951454,0.746744792351,0.00506925619439,0.162260819626,0.837108752271,0.000630428102903,8.87326613553e-08,9.99044147771e-13,0.999999911266
14/12/16 10:00,0.245790213596,0.747049162532,0.00716062387228,0.164971772984,0.834727976564,0.000300250452454,0.00450943328074,1.37123493487e-10,0.995490566582
14/12/16 11:00,0.248443015496,0.747382808878,0.00417417562628,0.161658489845,0.837515355732,0.00082615442264,5.89222367834e-10,1.13396273074e-13,0.999999999411
14/12/16 13:00,0.247708701145,0.748421575919,0.00386972293608,0.161660723048,0.837446810113,0.000892466839357,1.5118776564e-08,3.99211122469e-12,0.999999984877
14/12/16 14:00,0.247518501774,0.748044636916,0.00443686131024,0.162970248123,0.836263195124,0.000766556752862,2.37660930766e-05,6.20284678009e-09,0.999976227704
14/12/17 10:00,0.227424466436,0.763952452463,0.00862308110136,0.165288870538,0.834337052354,0.000374077108195,0.0135752602492,5.23003352842e-07,0.986424216747
14/12/17 11:00,0.246095349562,0.752773780337,0.00113087010024,0.167512716692,0.831003149939,0.00148413336916,3.88409709864e-10,3.68402448207e-12,0.999999999608
14/12/17 13:00,0.246607632254,0.752224623037,0.00116774470871,0.167677532285,0.830846337491,0.00147613022419,1.18810400435e-09,4.5149783245e-12,0.999999998807
14/12/17 14:00,0.246342363457,0.752449295855,0.00120834068794,0.16687112102,0.831661896173,0.00146698280686,7.52335669993e-10,2.10880257624e-12,0.999999999246
14/12/18 10:00,0.246601896422,0.752061490814,0.00133661276425,0.166873628955,0.83168779225,0.00143857879484,7.3745042392e-10,1.05539476396e-12,0.999999999261
14/12/18 11:00,0.246008041244,0.752599771595,0.0013921871611,0.166470477294,0.83210319639,0.00142632631646,5.39810158023e-10,2.11647263428e-12,0.999999999458
14/12/18 13:00,0.246291186635,0.752325335765,0.00138347760057,0.166519497698,0.832052121184,0.00142838111817,4.49996971527e-09,1.84444298787e-11,0.999999995482
14/12/18 14:00,0.245903949171,0.75267556303,0.00142048779899,0.166471018003,0.832108513802,0.00142046819455,2.47027519908e-06,1.86631255856e-08,0.999997511062
14/12/19 10:00,0.245994199249,0.752689327967,0.00131647278395,0.165832299995,0.832724251789,0.00144344821559,8.77339499208e-07,4.57210094448e-09,0.999999118088
14/12/19 11:00,0.248031044537,0.750296890359,0.00167206510367,0.164891499424,0.833716179341,0.00139232123525,0.000676038679923,6.51853556635e-07,0.999323309467
14/12/19 13:00,0.206891247592,0.788279549392,0.0048292030152,0.166101029324,0.832269925648,0.00162904502764,0.0194158698232,8.94542703656e-05,0.980494675906
14/12/19 14:00,0.246232128919,0.752431996879,0.00133587420181,0.166223671276,0.832336941283,0.00143938744082,7.48108454249e-07,3.68498174154e-09,0.999999248207
14/12/22 10:00,0.247127324402,0.751495329393,0.00137734620468,0.167073746872,0.831496009482,0.00143024364576,3.09015791188e-10,2.39605557173e-12,0.999999999689
14/12/22 11:00,0.248085138508,0.750781613226,0.00113324826541,0.167662987089,0.830852171058,0.00148484185287,4.46572859614e-11,2.86430824516e-13,0.999999999955
14/12/22 13:00,0.247790811459,0.751147716848,0.00106147169341,0.167460718888,0.831038397939,0.00150088317297,2.66691873568e-10,1.65298336823e-12,0.999999999732
14/12/22 14:00,0.246064356896,0.752213574077,0.00172206902739,0.163947606199,0.834697462472,0.00135493132812,1.33140238822e-10,7.1977992216e-13,0.999999999866
14/12/23 10:00,0.24724457342,0.750869960517,0.00188546606324,0.162728280807,0.83595163565,0.00132008354323,9.5604856762e-11,2.00999777938e-13,0.999999999904
14/12/23 11:00,0.250150240505,0.746414601904,0.00343515759038,0.160812352377,0.838199634259,0.000988013363964,2.605202235e-12,1.07048308247e-15,0.999999999997
14/12/23 13:00,0.251325808598,0.744966933817,0.00370725758543,0.16092424268,0.838147153071,0.00092860424841,8.31355326889e-13,1.93200519129e-16,0.999999999999
14/12/23 14:00,0.251045902906,0.745394091334,0.00356000575974,0.161090243447,0.837949632027,0.000960124526186,1.15866048791e-10,4.32515491773e-14,0.999999999884
14/12/24 10:00,0.249871800311,0.746252875725,0.00387532396365,0.161993757179,0.837115776039,0.000890466782079,4.69410069006e-06,2.19575625932e-09,0.999995303704
14/12/24 11:00,0.251671065321,0.743085789194,0.00524314548511,0.160774409902,0.838627611787,0.000597978310492,1.11518151698e-14,4.5330377974e-18,1.0
14/12/24 13:00,0.251730390108,0.742901934215,0.00536767567751,0.160584244064,0.83884357871,0.000572177225885,5.24494158688e-14,1.38371818888e-17,1.0
14/12/24 14:00,0.252493656698,0.741555775242,0.00595056805932,0.160680032278,0.838874645156,0.000445322565979,8.53545582677e-15,6.63741344952e-19,1.0
14/12/25 10:00,0.252858654566,0.740956923415,0.00618442201926,0.160705717342,0.838899942496,0.000394340161948,5.2733959736e-15,2.48755264656e-19,1.0
14/12/25 11:00,0.252868720785,0.740877421938,0.00625385727758,0.160595519436,0.8390242907,0.000380189864349,4.49580817832e-15,3.126893083e-19,1.0
14/12/25 13:00,0.252880766813,0.741216923755,0.00590230943235,0.160622956814,0.838921306985,0.000455736200885,1.64274558429e-15,2.26731979577e-19,1.0
14/12/25 14:00,0.252618706417,0.741652250318,0.00572904326495,0.160497468302,0.839008321781,0.000494209917078,4.21685611539e-14,1.23972616181e-17,1.0
14/12/26 10:00,0.252791193984,0.741075551504,0.00613325451267,0.160432149469,0.839160503956,0.000407346574935,2.07646055369e-15,2.42983705285e-19,1.0
14/12/26 11:00,0.25323813502,0.740578876589,0.00618298839077,0.160663762901,0.838941701327,0.000394535772361,1.27884074255e-16,2.15692076972e-20,1.0
14/12/26 13:00,0.253175891649,0.740910784972,0.00591332337893,0.160668519837,0.838878681627,0.00045279853617,5.32821142971e-16,4.81400921911e-20,1.0
14/12/26 14:00,0.252970094462,0.741334804586,0.00569510095182,0.160445146285,0.839053398348,0.000501455366934,3.00392749005e-15,2.7420841743e-19,1.0
14/12/29 10:00,0.253000668493,0.74146232671,0.00553700479721,0.160682273275,0.838783497222,0.000534229502761,1.09190926666e-13,1.07788808603e-17,1.0
14/12/29 11:00,0.253277037301,0.741518445891,0.00520451680788,0.160608380555,0.83878586392,0.000605755525344,2.39296527411e-17,9.2846916289e-21,1.0
14/12/29 13:00,0.253220393714,0.741556078788,0.00522352749768,0.160641403732,0.838756953547,0.000601642720749,3.40993692669e-16,2.07040713446e-18,1.0
14/12/29 14:00,0.25274918429,0.741976628648,0.00527418706186,0.160543267488,0.838864895454,0.000591837057363,1.71096537127e-13,9.66480250709e-14,1.0
14/12/30 10:00,0.253003012521,0.741900747148,0.00509624033079,0.160751094981,0.83861996699,0.00062893802871,2.81321412055e-13,1.02060988246e-13,1.0
14/12/30 11:00,0.253327235776,0.741286768152,0.00538599607238,0.160559258336,0.838873691232,0.000567050431836,1.61525956617e-16,8.73130691908e-20,1.0
14/12/30 13:00,0.252877292624,0.741966825739,0.00515588163766,0.160697035004,0.838686475368,0.000616489627973,1.20286467132e-13,1.39846978226e-15,1.0
14/12/30 14:00,0.251806933606,0.742963360274,0.00522970611969,0.160761442161,0.838637052082,0.000601505756763,9.89575375807e-09,3.72190792401e-09,0.999999986382
14/12/31 10:00,0.251673749378,0.74316530053,0.00516095009188,0.161304866469,0.83808121082,0.000613922710865,8.57916735039e-07,8.41686856873e-07,0.999998300396
14/12/31 11:00,0.2368912245,0.755734649193,0.00737412630656,0.164377913451,0.835163393073,0.000458693476602,0.000614920580397,0.00785832635977,0.99152675306
14/12/31 13:00,0.251553475373,0.743430212589,0.0050163120372,0.161352260567,0.838002390242,0.000645349190445,2.37692724039e-06,1.85165264203e-06,0.99999577142
14/12/31 14:00,0.230282373295,0.761782779896,0.00793484680858,0.166775942451,0.832801121783,0.000422935766372,0.000794500160274,0.00969128549026,0.989514214349
15/1/5 10:00,0.2281116591,0.763798364237,0.00808997666223,0.166050908686,0.833522691225,0.000426400089776,0.000888753754351,0.0100997318451,0.989011514401
15/1/5 11:00,0.253203471551,0.742924685572,0.00387184287663,0.160786287712,0.83832077369,0.000892938598879,1.82399380204e-15,1.16315112633e-17,1.0
15/1/5 13:00,0.252622873863,0.74319286555,0.00418426058655,0.160910396506,0.838263935792,0.000825667702098,1.92082099984e-11,4.17195954339e-12,0.999999999977
15/1/5 14:00,0.253427361178,0.742904159243,0.00366847957898,0.1607468347,0.838316260677,0.000936904622869,4.64467944673e-16,7.70526376028e-19,1.0
15/1/6 10:00,0.253510260042,0.742994253538,0.00349548642025,0.160978345051,0.838048050639,0.000973604310117,1.09865973742e-14,4.31648372398e-17,1.0
15/1/6 11:00,0.253739004773,0.742986865131,0.00327413009632,0.161171751309,0.837807354512,0.00102089417877,1.32731624472e-14,3.9187885417e-17,1.0
15/1/6 13:00,0.25343079644,0.743124677147,0.00344452641291,0.161159599824,0.837856091295,0.000984308880799,3.48911470776e-12,1.98110000789e-14,0.999999999996
15/1/6 14:00,0.253647694632,0.742685275629,0.00366702973899,0.160712185427,0.838350479986,0.000937334587286,1.58664603693e-16,1.11705609689e-19,1.0
15/1/7 10:00,0.254133800345,0.74202572508,0.00384047457504,0.16092387853,0.838177129682,0.000898991788781,1.13279482932e-17,3.89257725623e-21,1.0
15/1/7 11:00,0.254229363985,0.742146545511,0.00362409050412,0.16109021442,0.837964508242,0.000945277337471,2.13776124216e-16,1.08305937148e-19,1.0
15/1/7 13:00,0.254340085298,0.742245311343,0.00341460335983,0.161277118096,0.837732765884,0.000990116019551,3.06313609238e-15,1.72943833949e-18,1.0
15/1/7 14:00,0.253771432776,0.742639824542,0.00358874268187,0.161290891421,0.837756321101,0.00095278747825,1.91680658855e-09,2.6889455225e-12,0.999999998081
15/1/8 10:00,0.254104802041,0.742301767229,0.0035934307304,0.1609418185,0.83810563963,0.000952541869354,8.93877816146e-16,4.38885095886e-19,1.0
15/1/8 11:00,0.253710396874,0.742869130603,0.003420472523,0.161067592539,0.837942520227,0.000989887234098,8.63365323212e-12,7.23844429053e-15,0.999999999991
15/1/8 13:00,0.253995560086,0.742502707571,0.00350173234243,0.161069891047,0.837957945118,0.000972163834427,5.45555531985e-14,2.69638344696e-17,1.0
15/1/8 14:00,0.254310224259,0.741928406482,0.00376136925889,0.160986324555,0.838097597404,0.000916078041404,1.72187441639e-16,5.27704858468e-20,1.0
15/1/9 10:00,0.254431312847,0.741975694746,0.00359299240734,0.1611732969,0.837874756168,0.000951946932302,9.04422703753e-16,2.33239838968e-19,1.0
15/1/9 11:00,0.254008865683,0.742360185718,0.00363094859895,0.161177247093,0.837878703876,0.000944049031432,3.91479571969e-11,1.06628510805e-14,0.999999999961
15/1/9 13:00,0.253944205972,0.742349251696,0.00370654233252,0.161195970014,0.837876319743,0.0009277102427,1.54263284849e-10,3.81437512168e-14,0.999999999846
15/1/9 14:00,0.254590163295,0.741851798078,0.00355803862744,0.161191001806,0.837849458383,0.000959539811104,1.39698834785e-15,3.44931764079e-19,1.0
15/1/12 10:00,0.254760630486,0.742058015983,0.00318135353124,0.161216504841,0.837742547419,0.00104094774021,4.57492978692e-19,2.94569208061e-22,1.0
15/1/12 11:00,0.254322038891,0.739940494193,0.00573746691647,0.160554460159,0.838954454531,0.000491085309914,6.16397022362e-19,1.67402031287e-22,1.0
15/1/12 13:00,0.254137118639,0.740494604022,0.00536827733926,0.160743954359,0.838686094041,0.000569951600165,3.05295450378e-18,1.01737194752e-20,1.0
15/1/12 14:00,0.254125905234,0.739677126259,0.00619696850671,0.160426970526,0.83918005336,0.000392976114009,8.93347682731e-19,1.80464990775e-22,1.0
15/1/13 10:00,0.253928235886,0.74022827383,0.0058434902843,0.160664702601,0.838867278023,0.000468019376183,1.06113049577e-17,1.42586973143e-20,1.0
15/1/13 11:00,0.254225983795,0.73965690891,0.00611710729507,0.160559778542,0.8390308645,0.000409356958848,3.44826010203e-18,6.18508126887e-22,1.0
15/1/13 13:00,0.254199407862,0.739914194741,0.0058863973965,0.160832529183,0.838709902835,0.000457567982039,2.35632638204e-16,1.50748365569e-19,1.0
15/1/13 14:00,0.253466771457,0.7407277669,0.00580546164261,0.160813873852,0.838709974184,0.000476151964154,8.18823498975e-11,6.58371411601e-13,0.999999999917
15/1/14 10:00,0.248915715255,0.74476923767,0.0063150470758,0.162200264551,0.837381312099,0.000418423349081,0.000953563256743,5.98364295069e-05,0.998986600314
15/1/14 11:00,0.22333031016,0.767232096378,0.00943759346141,0.163211230295,0.836474209013,0.00031456069156,0.00866885156626,0.000715221660127,0.990615926774
15/1/14 13:00,0.216435091191,0.773213723372,0.010351185437,0.163456662496,0.836247152893,0.000296184610685,0.010695540275,0.000944547414168,0.988359912311
15/1/14 14:00,0.215146091533,0.77426014695,0.0105937615166,0.163607140811,0.836102645459,0.000290213729623,0.0112712427685,0.00101336092965,0.987715396302
15/1/15 10:00,0.214325732445,0.774982714828,0.0106915527273,0.162683212155,0.83703195947,0.000284828375545,0.0113283252634,0.000985046246707,0.98768662849
15/1/15 11:00,0.21508934892,0.774191321795,0.0107193292847,0.161862688794,0.837859510786,0.0002778004206,0.0112787740344,0.000940630081738,0.987780595884
15/1/15 13:00,0.239020018421,0.751199010024,0.0097809715547,0.167012995119,0.832764451546,0.00022255333556,0.0094487848268,0.000867151737411,0.989684063436
15/1/15 14:00,0.229614194278,0.760477431076,0.00990837464687,0.16926283679,0.83051418817,0.000222975040724,0.0104345308771,0.00106993107284,0.98849553805
15/1/16 10:00,0.228282802696,0.761802861881,0.0099143354233,0.168270432516,0.831496684495,0.000232882988664,0.0105931805479,0.00113253056219,0.98827428889
15/1/16 11:00,0.227020664038,0.763101087802,0.00987824816019,0.163166277471,0.836562611707,0.000271110822693,0.00675333649905,0.000531004346844,0.992715659154
15/1/16 13:00,0.212913027387,0.776443821048,0.0106431515645,0.164429700304,0.835369414227,0.000200885468915,0.00949152957934,0.00100156546747,0.989506904953
15/1/16 14:00,0.211292994262,0.777989283004,0.010717722733,0.163421389337,0.8363806332,0.000197977463209,0.00968426040332,0.00104139905516,0.989274340542
15/1/19 10:00,0.208716039424,0.780679460721,0.0106044998552,0.163592165706,0.836227466372,0.000180367922161,0.0102313210227,0.00138649967473,0.988382179303
15/1/19 11:00,0.250278947935,0.742946981332,0.00677407073301,0.161628302825,0.83810571307,0.000265984104378,8.56397906668e-09,2.30143820377e-11,0.999999991413
15/1/19 13:00,1.0,3.99010238671e-19,2.04852280832e-14,3.63199305169e-08,0.83940542124,0.16059454244,0.00794739987169,0.730364655163,0.261687944965
15/1/19 14:00,0.999999999999,4.66553843244e-16,6.7757602798e-13,5.47134484883e-06,0.839527276658,0.160467251997,0.00794205905467,0.732042054834,0.260015886111
15/1/20 10:00,0.999999999997,3.56469100732e-15,2.8544841046e-12,1.3638729572e-05,0.839851063304,0.160135297966,0.00792187765902,0.732522342901,0.25955577944
15/1/20 11:00,0.999999999987,1.02349433971e-14,1.28224498382e-11,1.10622705106e-05,0.839610321112,0.160378616618,0.00792446381588,0.732550779309,0.259524756875
15/1/20 13:00,0.999999999999,1.07269034371e-15,1.14338985592e-12,1.47541300036e-05,0.839768173025,0.160217072845,0.00791225135246,0.732331962095,0.259755786553
15/1/20 14:00,0.999999999994,5.05906577752e-15,5.63598109227e-12,1.94744980864e-05,0.83971914182,0.160261383682,0.00789199159093,0.73271605444,0.259391953969
15/1/21 10:00,1.0,1.55102313291e-16,1.68390432414e-13,1.09774339955e-05,0.839686535852,0.160302486714,0.00792660063947,0.732384734447,0.259688664914
15/1/21 11:00,1.0,2.1236134546e-18,6.97984818548e-15,1.34681091249e-06,0.839375922718,0.160622730472,0.00795200465471,0.731694854896,0.26035314045
15/1/21 13:00,1.0,8.71167146959e-23,1.10311559474e-16,6.53638506902e-10,0.839335185407,0.160664813939,0.0079457373493,0.730447833543,0.261606429108
15/1/21 14:00,0.35113689568,4.39475883755e-14,0.64886310432,7.96729984269e-28,0.985231459924,0.0147685400759,0.0464119189854,0.050659632375,0.90292844864
15/1/22 10:00,0.358073977359,1.13936570565e-07,0.641925908704,1.42058718704e-19,0.986006220771,0.0139937792287,0.0471796079869,0.047386245085,0.905434146928
15/1/22 11:00,0.253077539888,0.739122077395,0.00780038271708,0.160726952187,0.839225904159,4.71436538432e-05,3.63922070715e-11,1.95014566613e-14,0.999999999964
15/1/22 13:00,0.253038246298,0.739151016711,0.00781073699118,0.160708949295,0.839245897257,4.51534475808e-05,4.07045306428e-11,1.97108074477e-14,0.999999999959
15/1/22 14:00,0.35075831233,0.000951059895339,0.648290627775,2.64282837576e-11,0.986061785856,0.0139382141179,0.0443358854819,0.0473723450379,0.90829176948
15/1/23 10:00,0.365986079318,0.000312032019725,0.633701888662,8.85424500733e-12,0.985060149291,0.0149398507002,0.04658623289,0.0521452224385,0.901268544672
15/1/23 11:00,0.377462170036,0.000186083382204,0.622351746581,8.22030006412e-13,0.985617683396,0.0143823166031,0.048427652112,0.0497649118314,0.901807436057
15/1/23 13:00,0.390539831653,6.76484054239e-06,0.609453403506,5.62707821485e-14,0.983360811954,0.0166391880457,0.0495922864704,0.0599959456172,0.890411767912
15/1/23 14:00,0.398692877941,9.3585187531e-05,0.601213536871,4.85570957244e-15,0.987316648141,0.0126833518588,0.0511738343201,0.0416883479135,0.907137817766
15/1/26 10:00,0.368865325063,0.000273321612897,0.630861353324,1.11820319584e-15,0.987683927744,0.0123160722561,0.0475862451905,0.0391114289225,0.913302325887
15/1/26 11:00,0.359312908883,0.00133648192176,0.639350609195,1.79672239587e-13,0.987736205742,0.0122637942574,0.0469102487203,0.0388713864955,0.914218364784
15/1/26 13:00,0.353015137842,0.00131560447291,0.645669257685,5.37384971327e-13,0.987697728044,0.0123022719554,0.0459001879094,0.0389714119844,0.915128400106
15/1/26 14:00,0.365275247789,0.000585125436189,0.634139626774,2.61351609288e-14,0.988117660788,0.0118823392119,0.0479557462133,0.0371120542578,0.914932199529
15/1/27 10:00,0.371351426454,9.44397696772e-05,0.628554133776,1.62860273843e-15,0.987757691281,0.0122423087186,0.0485467989966,0.0389128362804,0.912540364723
15/1/27 11:00,0.381607267773,0.000216709817004,0.61817602241,4.54725340864e-15,0.988318643853,0.0116813561465,0.0499223698896,0.0363419408971,0.913735689213
15/1/27 13:00,0.383979822316,6.85291221538e-05,0.615951648562,2.45603033223e-15,0.988084067499,0.0119159325014,0.050060369151,0.0375443971975,0.912395233652
15/1/27 14:00,0.371411411915,0.000209943788562,0.628378644296,2.04628001253e-17,0.98852518145,0.0114748185503,0.0532128064914,0.0349361550441,0.911851038464
15/1/28 10:00,0.332852455208,2.9804587242e-05,0.667117740205,3.9093248778e-18,0.988625291853,0.0113747081473,0.0518816547757,0.0343534183742,0.91376492685
15/1/28 11:00,0.325790185404,1.13119812773e-05,0.674198502615,2.2759796795e-18,0.988547393709,0.0114526062914,0.0513164636877,0.0346647555476,0.914018780765
15/1/28 13:00,0.326947871549,1.84293622138e-06,0.673050285515,6.19489762115e-19,0.98808408527,0.0119159147301,0.051735713684,0.0369287623527,0.911335523963
15/1/28 14:00,0.330299704044,3.49845817997e-07,0.66969994611,1.68754501167e-19,0.987407325692,0.0125926743079,0.0520017875992,0.0401395632487,0.907858649152
15/1/29 10:00,0.329072890211,5.41319342185e-09,0.670927104376,3.15817724388e-21,0.985816914892,0.0141830851083,0.0509289092108,0.0470506290162,0.902020461773
15/1/29 11:00,0.320637145901,0.000100523450548,0.679262330648,7.29674260006e-17,0.988909817626,0.0110901823737,0.0523963498401,0.0324109829877,0.915192667172
15/1/29 13:00,0.312749702953,5.36098342683e-07,0.687249760949,1.19656701696e-19,0.988911720216,0.0110882797837,0.0504460534438,0.0322161448124,0.917337801744
15/1/29 14:00,0.309926214633,2.24113214523e-06,0.690071544235,1.72261094138e-18,0.989008546461,0.0109914535387,0.0516835905175,0.031851744434,0.916464665048
15/1/30 10:00,0.316004997056,2.62691855122e-08,0.683994976674,6.07725482751e-20,0.988752382694,0.0112476173059,0.0525153067479,0.033173518345,0.914311174907
15/1/30 11:00,0.324517439996,1.1441119612e-11,0.675482559993,4.50153252278e-23,0.988219793665,0.0117802063348,0.0531541473027,0.0357705180048,0.911075334692
15/1/30 13:00,0.298847849637,1.57475698945e-05,0.701136402794,1.09549066548e-17,0.989247801029,0.0107521989713,0.050962508212,0.0303658019283,0.91867168986
15/1/30 14:00,0.290371653477,0.000108405972809,0.70951994055,4.72380511455e-16,0.989238479949,0.0107615200511,0.0517055713822,0.0304685074207,0.917825921197
15/2/2 10:00,0.297739650237,0.000171819558027,0.702088530205,1.36212037649e-15,0.989148865139,0.0108511348612,0.0530779671414,0.0310317258609,0.915890306998
15/2/2 11:00,0.275072720581,0.00320498368457,0.721722295735,2.12866396829e-14,0.98959191635,0.0104080836496,0.0834522947565,0.0294190098167,0.887128695427
15/2/2 13:00,0.253454973383,0.738537029394,0.00800799722364,0.160843779871,0.839155436571,7.83557561728e-07,7.18387513876e-15,1.72604722329e-20,1.0
15/2/2 14:00,0.154397348799,0.00251641064979,0.843086240551,5.16812715323e-13,0.989743834288,0.0102561657116,0.0927684811339,0.0287262172586,0.878505301607
15/2/3 10:00,0.133380447815,0.00276739434032,0.863852157845,2.86574268069e-12,0.989753477445,0.010246522552,0.0905511480107,0.0284766813767,0.880972170613
15/2/3 11:00,0.126023312902,0.00287231692866,0.871104370169,1.19156044199e-11,0.98965182385,0.0103481761384,0.0943423380472,0.0291359422014,0.876521719751
15/2/3 13:00,0.135914881476,0.000880722167366,0.863204396356,2.27874653994e-12,0.989310570891,0.0106894291067,0.0935468686793,0.0310654042087,0.875387727112
15/2/3 14:00,0.150468695839,0.000260562628296,0.849270741532,5.31957582309e-13,0.988795243477,0.011204756522,0.0930683402952,0.0337614920911,0.873170167614
15/2/4 10:00,0.159651925092,0.000171727758277,0.84017634715,3.63486214169e-13,0.988585031233,0.0114149687668,0.0929840466348,0.0349264516771,0.872089501688
15/2/4 11:00,0.148811499501,0.0069846636844,0.844203836815,1.25409954293e-10,0.990131188645,0.00986881123003,0.0922349041544,0.026124704103,0.881640391743
15/2/4 13:00,0.142242455883,0.00881772590693,0.84893981821,1.29799065837e-09,0.990175897356,0.00982410134559,0.0962377849652,0.0258704887011,0.877891726334
15/2/4 14:00,0.126043873163,0.00797122012086,0.865984906716,3.14762468422e-09,0.990135582133,0.00986441471982,0.095640572415,0.0261089864983,0.878250441087
15/2/5 10:00,0.13304102968,0.00382391268826,0.863135057632,4.07389077517e-10,0.989970619336,0.0100293802562,0.0942319598922,0.0273272635201,0.878440776588
15/2/5 11:00,0.159871567586,0.000629158059823,0.839499274354,2.53211511554e-11,0.989492639477,0.0105073604974,0.0934385821486,0.0301903790537,0.876371038798
15/2/5 13:00,0.175102986902,8.46471033034e-05,0.824812365995,3.5353954481e-12,0.988927391454,0.0110726085421,0.0914218892732,0.0331242693434,0.875453841383
15/2/5 14:00,0.174858110304,0.000203535647187,0.824938354049,1.21586401989e-11,0.989258380349,0.0107416196384,0.0932662662601,0.0316687181348,0.875065015605
15/2/6 10:00,0.17357992675,9.83813071256e-05,0.826321691943,9.62348924592e-12,0.989041498622,0.0109585013686,0.0922190455206,0.0329464879673,0.874834466512
15/2/6 11:00,0.297533185904,0.0480603713219,0.654406442774,0.00957213371231,0.990421671355,6.19493269273e-06,0.376160991255,0.00759757921465,0.616241429531
15/2/6 13:00,0.303305462396,0.0431416392597,0.653552898345,0.0094356923072,0.990553794037,1.05136561528e-05,0.402646167579,0.00907821833498,0.588275614086
15/2/6 14:00,0.253702562983,0.738281512709,0.00801592430874,0.160718450643,0.839281549357,6.89916180967e-21,1.39874906953e-14,3.42800707119e-25,1.0
15/2/9 10:00,0.252718812293,0.739255069874,0.00802611783314,0.160684046016,0.839315953984,3.0145073181e-17,3.58639948944e-11,7.69065941202e-22,0.999999999964
15/2/9 11:00,0.252201313972,0.739767549031,0.00803113699743,0.160674049803,0.839325950197,3.28431355381e-15,6.29699271614e-10,1.98996864058e-20,0.99999999937
15/2/9 13:00,0.253134965117,0.738846422191,0.00801861269291,0.160785002302,0.839214997698,2.22694168419e-20,3.48216248704e-12,2.35247273965e-24,0.999999999997
15/2/9 14:00,0.251336828285,0.740660312165,0.00800285955068,0.161635413978,0.838364586022,1.04293810739e-14,4.96398883753e-06,6.33466254049e-17,0.999995036011
15/2/10 10:00,0.613868486949,0.0332214664573,0.352910046594,0.0089029901587,0.991097009841,6.2275968006e-13,0.482010723972,0.00175290823381,0.516236367794
15/2/10 11:00,0.391587158262,0.0530891596727,0.555323682065,0.0097693133723,0.990229716864,9.69764116691e-07,0.400389600493,0.00266902001806,0.596941379489
15/2/10 13:00,0.605452290092,0.0310554416572,0.363492268251,0.0088885493052,0.991111446214,4.48108956242e-09,0.47145149072,0.00554546663269,0.523003042647
15/2/10 14:00,0.322426621794,0.0705825798447,0.606990798361,0.0104264247191,0.98957295835,6.16930584711e-07,0.354563853481,0.000946803938558,0.64448934258
15/2/11 10:00,0.206253634649,0.780748413983,0.0129979513672,0.16288875693,0.837111145197,9.78735502023e-08,0.00765646412111,3.30421058429e-09,0.992343532575
15/2/11 11:00,0.192945480347,0.00152567337688,0.805528846277,1.87914671453e-11,0.990737434294,0.00926256568681,0.126978506083,0.0236682225009,0.849353271416
15/2/11 13:00,0.999802262605,5.38139079817e-09,0.000197732013579,1.65789996233e-07,0.83949200559,0.16050782862,0.0080495527532,0.731951942789,0.259998504458
15/2/11 14:00,0.994086219922,3.38136836303e-07,0.00591344194083,4.0150785107e-07,0.831738155947,0.168261442545,0.0108411820208,0.761901812347,0.227257005632
15/2/12 10:00,0.991801755989,7.16364521959e-07,0.00819752764643,6.77106504513e-07,0.830412038182,0.169587284712,0.0123875691282,0.774400545487,0.213211885385
15/2/12 11:00,0.99116787484,7.55345043808e-07,0.00883136981475,6.43045539943e-07,0.830622465407,0.169376891548,0.0128497237194,0.777619783563,0.209530492718
15/2/12 13:00,0.99074856319,8.42312441649e-07,0.00925059449762,6.97672340096e-07,0.830287231976,0.169712070352,0.0131323380384,0.779667386242,0.20720027572
15/2/12 14:00,0.99064182239,8.35667605615e-07,0.00935734194243,7.01945035292e-07,0.831035612247,0.168963685808,0.0132477598673,0.780257895957,0.206494344176
15/2/13 10:00,0.990618345082,1.07803690047e-06,0.00938057688067,9.54220290068e-07,0.832283923222,0.167715122557,0.0133672494525,0.78164879678,0.204983953767
15/2/13 11:00,0.990546141834,1.2926428066e-06,0.00945256552312,1.21456647206e-06,0.832711315518,0.167287469915,0.0134538189688,0.782821493278,0.203724687753
15/2/13 13:00,0.990597129923,2.76225086567e-06,0.0094001078261,2.62169782566e-06,0.832805630265,0.167191748038,0.0134475716707,0.783429080533,0.203123347796
15/2/13 14:00,0.990574772937,2.69258648866e-06,0.00942253447655,2.61419091829e-06,0.833854103906,0.166143281903,0.0135149079464,0.784768133102,0.201716958951
15/2/16 10:00,0.990528688045,3.88238588737e-06,0.0094674295693,4.04632739797e-06,0.833886367412,0.166109586261,0.0135213643685,0.785800690805,0.200677944826
15/2/16 11:00,0.990554505099,1.72067828165e-06,0.00944377422225,1.66585534577e-06,0.832510606287,0.167487727858,0.0134901033081,0.785958885366,0.200551011325
15/2/16 13:00,0.990524545334,9.7399480772e-07,0.00947448067086,8.91799009885e-07,0.833052816618,0.166946291583,0.0135240816347,0.788085095326,0.198390823039
15/2/16 14:00,0.990502005898,1.45270077617e-06,0.00949654140123,1.47973581037e-06,0.832970173859,0.167028346406,0.0134883557869,0.788711723,0.197799921213
15/2/17 10:00,0.990491625854,1.5316887092e-06,0.00950684245713,1.65134356693e-06,0.833340047198,0.166658301458,0.0135032428511,0.788862221099,0.19763453605
15/2/17 11:00,0.990555332325,7.32657105738e-06,0.00943734110373,7.10680597983e-06,0.825570179052,0.174422714142,0.0130428175993,0.787637456096,0.199319726305
15/2/17 13:00,0.990319177114,1.75617298559e-05,0.00966326115655,1.94369929006e-05,0.824001493671,0.175979069336,0.0132046997797,0.797203029427,0.189592270794
15/2/17 14:00,0.990323738493,2.25179986113e-05,0.00965374350848,2.52940795793e-05,0.824146314523,0.175828391397,0.0131235406507,0.797094675676,0.189781783673
15/2/25 10:00,0.990321920863,2.06195537838e-05,0.00965745958332,2.28731475311e-05,0.824789734439,0.175187392414,0.0131615848949,0.797465161098,0.189373254007
15/2/25 11:00,0.99032647809,1.99121973136e-05,0.00965360971223,2.12680247499e-05,0.825595475156,0.174383256819,0.0131915441165,0.79766192171,0.189146534174
15/2/25 13:00,0.990324680222,1.91517333983e-05,0.00965616804439,2.07069206659e-05,0.826428430604,0.173550862475,0.0132318628816,0.797990662361,0.188777474757
15/2/25 14:00,0.990323167537,1.70220260587e-05,0.00965981043648,1.79824759251e-05,0.827073545587,0.172908471937,0.0132728475175,0.798308343695,0.188418808788
15/2/26 10:00,0.990316332636,1.62653580788e-05,0.00966740200618,1.71953314298e-05,0.827188739201,0.172794065468,0.0132689262877,0.798205907072,0.18852516664
15/2/26 11:00,0.990253394378,1.5099031472e-05,0.00973150659038,2.9909225834e-05,0.820545692995,0.179424397779,0.0130949360305,0.799904492351,0.187000571619
15/2/26 13:00,0.990970837854,8.36001260083e-06,0.00902080213355,1.54885893938e-05,0.824569673133,0.175414838277,0.0123130815525,0.768408654531,0.219278263916
15/2/26 14:00,0.989904381483,2.46036546224e-07,0.0100953724803,4.49403171555e-07,0.825364561204,0.174634989393,0.0162419060659,0.755811707565,0.227946386369
15/2/27 10:00,0.991351576544,2.55528907961e-06,0.00864586816661,3.03920584008e-06,0.826599294275,0.173397666519,0.0120142225272,0.739367162276,0.248618615197
15/2/27 11:00,0.988568470131,7.16647414621e-07,0.0114308132218,2.02320941457e-06,0.819912981586,0.180084995205,0.0195557295151,0.778730437337,0.201713833148
15/2/27 13:00,0.990840102081,4.91829894921e-06,0.00915497962039,7.67335200097e-06,0.819074119067,0.180918207581,0.0129979548686,0.749658603296,0.237343441835
15/2/27 14:00,0.991300770784,5.75004090636e-06,0.00869347917518,7.69190952531e-06,0.819786199258,0.180206108832,0.0116589873938,0.743356359757,0.244984652849
15/3/2 10:00,0.991587012818,7.0017235193e-06,0.00840598545831,7.94392525281e-06,0.820193211429,0.179798844646,0.0107558838258,0.739023870534,0.25022024564
15/3/2 11:00,0.99173194111,7.60771113662e-06,0.00826045117899,7.76813262515e-06,0.820124536784,0.179867695084,0.0102479841063,0.736425471879,0.253326544014
15/3/2 13:00,0.991575388671,1.45815152309e-05,0.00841002981361,1.5501664105e-05,0.817165369146,0.18281912919,0.010663081494,0.740777038646,0.24855987986
15/3/2 14:00,0.991649044636,1.68442915758e-05,0.00833411107209,1.67502249517e-05,0.817552979561,0.182430270214,0.010389720465,0.741329189976,0.248281089559
15/3/3 10:00,0.991680851574,1.60029746257e-05,0.00830314545095,1.53615893951e-05,0.818246088448,0.181738549963,0.0103210076061,0.741289023814,0.24838996858
15/3/3 11:00,0.991735513415,1.61854604168e-05,0.00824830112442,1.47046871098e-05,0.818860798028,0.181124497285,0.0101425940799,0.740840899555,0.249016506365
15/3/3 13:00,0.991773027526,1.58586210092e-05,0.00821111385274,1.37331563693e-05,0.819352949566,0.180633317278,0.0100178027355,0.740154307357,0.249827889908
15/3/3 14:00,0.991793059586,1.51236786225e-05,0.00819181673496,1.31528646348e-05,0.819817498105,0.180169349031,0.00995439070038,0.739554687698,0.250490921601
15/3/4 10:00,0.991792373434,1.01676590976e-05,0.00819745890737,8.91793243169e-06,0.819633013043,0.180358069025,0.0100074504672,0.740223138223,0.24976941131
15/3/4 11:00,0.991843214512,1.25254361892e-05,0.0081442600515,1.13173595483e-05,0.819902517986,0.180086164655,0.00999003553566,0.734172505235,0.25583745923
15/3/4 13:00,0.991869113618,9.63029573335e-06,0.00812125608602,8.80821124064e-06,0.820520339504,0.179470852285,0.00989611955668,0.73609591184,0.254007968603
15/3/4 14:00,0.991886780746,8.09839181332e-06,0.00810512086184,7.11560072077e-06,0.821492848615,0.178500035784,0.00988334872304,0.736120019074,0.253996632203
15/3/5 10:00,0.991891268146,9.1387985499e-06,0.00809959305513,8.07563336005e-06,0.822192375886,0.17779954848,0.0099456007959,0.736478308923,0.253576090281
15/3/5 11:00,0.99190153128,3.9061281482e-06,0.00809456259178,3.10617899366e-06,0.820041537667,0.179955356155,0.0100865243871,0.725609056968,0.264304418645
15/3/5 13:00,0.991963219375,4.07796362952e-06,0.00803270266092,3.60230238869e-06,0.81939556176,0.180600835937,0.00972561087697,0.730120442786,0.260153946337
15/3/5 14:00,0.992011179331,4.40040767731e-06,0.00798442026132,4.20365397807e-06,0.819693487295,0.180302309051,0.00953245483386,0.729778926709,0.260688618457
15/3/6 10:00,0.992012120853,2.09116204399e-06,0.00798578798497,1.82109418899e-06,0.820363265647,0.179634913259,0.00958103696774,0.730486407177,0.259932555855
15/3/6 11:00,0.992004476116,4.09152727685e-06,0.00799143235705,2.48023532084e-06,0.814310969212,0.185686550552,0.00961095875637,0.720779815683,0.269609225561
15/3/6 13:00,0.992053953244,1.68442079878e-06,0.00794436233545,8.63898228146e-07,0.816589032385,0.183410103716,0.00967986714069,0.711731931136,0.278588201723
15/3/6 14:00,0.992166544605,2.47238195385e-06,0.00783098301348,1.69214915723e-06,0.81609256477,0.183905743081,0.00914645685908,0.714294157249,0.276559385891
